id,property_url,transaction_type,deposit,rent,management_fee,loan_amount,move_in_date,residence_report,building_usage,building_type,exclusive_area,floor_info,room_bathroom_count,room_living_type,main_room_direction,parking_info,illegal_building,completion_date,cooling_system,living_facilities,security_facilities,additional_options,property_address,latitude,longitude,created_at
1,https://www.peterpanz.com/house/16872420,월세,20000000,320000,60000.0,-,즉시입주 (협의가능),-,단독주택,단독,24.0,고층/4층,1개/1개,분리형,남향,불가,-,2018.09.05,벽걸이에어컨,"냉장고, 세탁기, 싱크대, 책상, 전자레인지, 인덕션레인지","현관보안, CCTV, 인터폰, 비디오폰","풀옵션, 큰길가",서울특별시 동작구 사당동 72-9 MD하우스,37.4906,126.982,2025-08-28 08:49:24
2,https://www.peterpanz.com/house/17456861,월세,5000000,400000,80000.0,-,즉시입주 (협의가능),-,제2종 근린생활시설,원룸,23.14,저층/3층,1개/1개,오픈형,남향,불가,-,2007.09.10,,,,풀옵션,서울특별시 동작구 상도동 126-55 살피재길 하얀집,37.493,126.954,2025-08-28 08:49:24
3,https://www.peterpanz.com/house/17655613,단기임대,1500000,550000,350000.0,-,즉시입주,-,제1종 근린생활시설,빌라,22.0,3층/4층,1개/1개,오픈형,남향,불가,-,2003.02.19,벽걸이에어컨,"냉장고, 세탁기, 싱크대, 책상, 붙박이장, 침대, 신발장, 전자레인지, 인덕션레인지, 샤워부스, TV","현관보안, CCTV, 인터폰, 비디오폰, 카드키, 방범창","풀옵션, 엘리베이터",서울특별시 강남구 역삼동 690-3 오빌벤처센터,37.5067,127.042,2025-08-28 08:49:24
4,https://www.peterpanz.com/house/17742448,전세,300000000,0,80000.0,융자금 없음,즉시입주 (협의가능),-,공동주택,빌라,26.98,2층/4층,1개/1개,오픈형,서향,가능,-,2023.06.28,천장에어컨,"냉장고, 세탁기, 싱크대, 옷장, 붙박이장, 침대, 신발장, 전자레인지, 인덕션레인지, 가스오븐, 샤워부스, 건조기, 식기세척기","현관보안, CCTV, 인터폰, 비디오폰, 카드키, 방범창","신축, 풀옵션, 큰길가, 엘리베이터, 반려동물, 전세자금대출, 주차가능",서울특별시 용산구 이태원동 193-6,37.5363,126.99,2025-08-28 08:49:24
5,https://www.peterpanz.com/house/17782949,월세,20000000,550000,,시세 대비 30% 미만,2025. 08. 초순 (협의가능),-,단독주택,기타,23.14,반지층/2층,1개/1개,오픈형,동향,불가,-,1989.12.12,벽걸이에어컨,"냉장고, 세탁기, 싱크대, 인덕션레인지",현관보안,풀옵션,서울특별시 광진구 군자동 350-22,37.5503,127.069,2025-08-28 08:49:24
6,https://www.peterpanz.com/house/17804918,단기임대,1600000,1500000,100000.0,-,즉시입주,-,단독주택,다가구,42.97,2층/3층,2개/1개,분리형,남향,불가,위반건축물 아님,1997.10.23,벽걸이에어컨,"냉장고, 세탁기, 싱크대, 책상, 옷장, 침대, 신발장, 전자레인지, 가스레인지, 소파, TV",현관보안,"풀옵션, 큰길가",서울특별시 강남구 논현동 155-15,37.5094,127.029,2025-08-28 08:49:24
7,https://www.peterpanz.com/house/17805507,단기임대,2000000,1900000,100000.0,-,즉시입주,-,공동주택,원룸,29.9,2층/5층,1개/1개,분리형,남향,가능,위반건축물 아님,2008.06.12,벽걸이에어컨,"냉장고, 세탁기, 싱크대, 옷장, 침대, 신발장, 전자레인지, 인덕션레인지, 샤워부스, 비데, 식탁, 소파, TV","현관보안, CCTV, 비디오폰","풀옵션, 주차가능",서울특별시 강남구 논현동 251-7,37.5136,127.038,2025-08-28 08:49:24
8,https://www.peterpanz.com/house/17816192,단기임대,1500000,1400000,100000.0,-,즉시입주 (협의가능),-,공동주택,,21.5,9층/15층,1개/1개,오픈형,남향,가능,,2018.08.09,천장에어컨,"냉장고, 세탁기, 싱크대, 침대, 전자레인지, 인덕션레인지, 샤워부스, 식탁, 소파, TV",-,"풀옵션, 엘리베이터, 주차가능",서울특별시 강남구 대치동 944-21 대치2차 아이파크,37.507,127.061,2025-08-28 08:49:24
9,https://www.peterpanz.com/house/17825034,단기임대,1350000,1350000,70000.0,-,즉시입주 (협의가능),-,공동주택,빌라,32.11,중층/6층,1개/1개,오픈형,서향,가능,-,2010.08.09,벽걸이에어컨,"냉장고, 세탁기, 싱크대, 옷장, 침대, 전자레인지, 가스레인지, 샤워부스, 식탁, 소파, TV","현관보안, CCTV","풀옵션, 주차가능",서울특별시 강남구 대치동 916-20,37.5012,127.056,2025-08-28 08:49:24
10,https://www.peterpanz.com/house/17829904,월세,5000000,350000,50000.0,-,즉시입주 (협의가능),-,제1종 근린생활시설,다가구,18.95,5층/5층,1개/1개,오픈형,서향,불가,-,2011.08.02,벽걸이에어컨,"냉장고, 세탁기, 싱크대, 신발장, 인덕션레인지, 샤워부스","현관보안, CCTV",풀옵션,서울특별시 중랑구 상봉동 130-153 부영리츠빌,37.5927,127.076,2025-08-28 08:49:24
11,https://www.peterpanz.com/house/17832177,단기임대,1500000,1100000,100000.0,-,즉시입주,-,단독주택,원룸,32.25,2층/3층,1개/1개,분리형,남향,불가,위반건축물 아님,2002.12.13,벽걸이에어컨,"냉장고, 세탁기, 싱크대, 옷장, 침대, 신발장, 전자레인지, 인덕션레인지, 샤워부스, 소파, TV",현관보안,"풀옵션, 큰길가",서울특별시 강남구 역삼동 697-35,37.5057,127.045,2025-08-28 08:49:24
12,https://www.peterpanz.com/house/17833073,단기임대,1500000,1500000,70000.0,-,즉시입주 (협의가능),-,공동주택,빌라,23.57,중층/4층,1개/1개,분리형,남향,가능,-,2016.10.17,천장에어컨,"냉장고, 세탁기, 싱크대, 옷장, 침대, 신발장, 전자레인지, 가스레인지, 샤워부스, 식탁, 소파, TV",-,주차가능,서울특별시 강남구 역삼동 725-43,37.4992,127.04,2025-08-28 08:49:24
13,https://www.peterpanz.com/house/17833582,단기임대,2600000,2400000,130000.0,-,즉시입주 (협의가능),-,공동주택,빌라,28.19,고층/5층,2개/1개,분리형,남향,가능,-,2008.01.08,천장에어컨,"냉장고, 세탁기, 싱크대, 침대, 전자레인지, 인덕션레인지, 샤워부스, 소파, TV",-,"풀옵션, 엘리베이터, 주차가능",서울특별시 강남구 역삼동 792-33,37.4938,127.037,2025-08-28 08:49:24
14,https://www.peterpanz.com/house/17836587,월세,160000000,500000,120000.0,-,즉시입주,-,업무시설,,14.77,16층/17층,1개/1개,분리형,남향,가능,,2021.04.23,천장에어컨,"냉장고, 세탁기, 싱크대, 붙박이장, 신발장, 인덕션레인지, 샤워부스","현관보안, CCTV, 비디오폰, 자체경비원","신축, 큰길가, 엘리베이터, 주차가능",서울특별시 강남구 역삼동 605-17,37.5067,127.033,2025-08-28 08:49:24
15,https://www.peterpanz.com/house/17848871,단기임대,1100000,1600000,100000.0,-,즉시입주,-,단독주택,다가구,36.27,2층/3층,2개/1개,분리형,남향,불가,위반건축물 아님,1996.07.27,벽걸이에어컨,"냉장고, 세탁기, 싱크대, 침대, 신발장, 전자레인지, 가스레인지, 소파, TV",CCTV,풀옵션,서울특별시 강남구 역삼동 724-33,37.4995,127.042,2025-08-28 08:49:24
16,https://www.peterpanz.com/house/17862629,단기임대,1200000,1200000,120000.0,-,즉시입주 (협의가능),-,업무시설,,23.23,11층/19층,1개/1개,오픈형,동향,가능,,2015.03.17,"벽걸이에어컨, 천장에어컨","냉장고, 세탁기, 싱크대, 책상, 옷장, 붙박이장, 침대, 신발장, 전자레인지, 인덕션레인지, 샤워부스, 비데, 식탁, 소파, TV","현관보안, CCTV, 인터폰, 비디오폰, 자체경비원, 사설경비","신축, 풀옵션, 큰길가, 엘리베이터, 반려동물, 주차가능",서울특별시 강남구 역삼동 825-20 강남역 센트럴 푸르지오 시티,37.4977,127.029,2025-08-28 08:49:24
17,https://www.peterpanz.com/house/17864524,월세,120000000,270000,150000.0,-,즉시입주,-,공동주택,빌라,25.51,2층/4층,1개/1개,오픈형,북향,불가,-,2001.10.04,벽걸이에어컨,"냉장고, 세탁기, 가스레인지",-,,서울특별시 서초구 방배동 895-14,37.4879,126.996,2025-08-28 08:49:24
18,https://www.peterpanz.com/house/17864886,월세,10000000,600000,80000.0,시세 대비 30% 미만,2025. 08. 하순 (협의가능),가능,단독주택,빌라,19.84,저층/4층,1개/1개,분리형,남향,불가,-,2021.06.25,벽걸이에어컨,"냉장고, 세탁기, 싱크대, 책상, 옷장, 신발장, 전자레인지, 인덕션레인지","현관보안, CCTV, 인터폰","풀옵션, 엘리베이터",서울특별시 동작구 상도1동 318-4,37.5014,126.953,2025-08-28 08:49:24
19,https://www.peterpanz.com/house/17865618,전세,430000000,0,120000.0,-,즉시입주 (협의가능),가능,공동주택,빌라,46.28,4층/6층,2개/1개,분리형,서향,가능,위반건축물 아님,2022.05.27,-,"TV, 소파, 건조기, 식기세척기, 식탁, 비데, 샤워부스, 인덕션레인지, 전자레인지, 신발장, 침대, 옷장, 책상, 붙박이장, 싱크대, 세탁기, 냉장고","현관보안, CCTV, 인터폰, 방범창, 비디오폰","신축, 풀옵션, 엘리베이터, 반려동물, 전세자금대출, 주차가능",서울특별시 강남구 역삼동 743-12 우리엘,37.4967,127.036,2025-08-28 08:49:24
20,https://www.peterpanz.com/house/17865662,월세,20000000,580000,100000.0,-,즉시입주 (협의가능),가능,공동주택,빌라,13.5,3층/5층,1개/1개,오픈형,남향,불가,-,2018.10.11,벽걸이에어컨,"냉장고, 세탁기, 싱크대, 신발장, 인덕션레인지","현관보안, CCTV, 인터폰",풀옵션,서울특별시 광진구 자양동 655,37.5333,127.083,2025-08-28 08:49:24
21,https://www.peterpanz.com/house/17865815,월세,100000000,500000,150000.0,융자금 없음,즉시입주 (협의가능),가능,공동주택,빌라,27.45,2층/5층,1개/1개,분리형,남향,가능,-,2012.07.17,벽걸이에어컨,"세탁기, 싱크대, 옷장, 신발장, 샤워부스","현관보안, CCTV, 인터폰, 비디오폰, 방범창","신축, 풀옵션, 큰길가, 엘리베이터, 전세자금대출, 주차가능",서울특별시 강남구 논현동 193-5 논현동 193-5 공동주택 (전성욱),37.5082,127.032,2025-08-28 08:49:24
22,https://www.peterpanz.com/house/17866787,전세,180000000,0,70000.0,융자금 없음,2025. 09. 중순 (협의가능),가능,공동주택,빌라,17.62,2층/4층,1개/1개,오픈형,남향,가능,위반건축물 아님,2024.02.01,천장에어컨,"냉장고, 세탁기, 싱크대, 신발장, 전자레인지, 인덕션레인지","현관보안, CCTV, 인터폰, 비디오폰","신축, 풀옵션, 큰길가, 반려동물, 전세자금대출, 주차가능",서울특별시 마포구 도화동 204-3,37.5386,126.948,2025-08-28 08:49:24
23,https://www.peterpanz.com/house/17867832,단기임대,1500000,1300000,100000.0,-,즉시입주,-,업무시설,,24.11,15층/20층,1개/1개,분리형,남향,가능,,2023.06.01,천장에어컨,"냉장고, 세탁기, 싱크대, 책상, 붙박이장, 침대, 신발장, 전자레인지, 인덕션레인지, 샤워부스, 비데, 건조기, 식탁, 소파, TV","현관보안, CCTV, 비디오폰, 방범창, 자체경비원","신축, 풀옵션, 큰길가, 엘리베이터, 주차가능",서울특별시 송파구 방이동 42 잠실역 웰리지 더테라스,37.5161,127.111,2025-08-28 08:49:24
24,https://www.peterpanz.com/house/17868704,전세,210000000,0,120000.0,-,즉시입주 (협의가능),-,단독주택,단독,39.67,고층/4층,2개/1개,분리형,남향,가능,-,2018.12.19,벽걸이에어컨,"냉장고, 세탁기, 싱크대, 신발장, 전자레인지, 인덕션레인지, 샤워부스","현관보안, CCTV, 비디오폰","풀옵션, 큰길가, 엘리베이터, 전세자금대출, 주차가능",서울특별시 관악구 봉천동 41-130 해담채3,37.4878,126.954,2025-08-28 08:49:24
25,https://www.peterpanz.com/house/17868837,단기임대,1200000,1100000,100000.0,-,즉시입주,-,단독주택,다가구,36.37,2층/4층,1개/1개,분리형,북향,가능,-,2002.12.13,벽걸이에어컨,"냉장고, 세탁기, 싱크대, 책상, 옷장, 침대, 신발장, 전자레인지, 가스레인지, 샤워부스, 식탁, 소파, TV","현관보안, CCTV, 비디오폰, 방범창","풀옵션, 주차가능",서울특별시 강남구 역삼동 690-27,37.5072,127.042,2025-08-28 08:49:24
26,https://www.peterpanz.com/house/17868940,월세,10000000,620000,110000.0,-,즉시입주,-,공동주택,원룸,23.4,4층/5층,1개/1개,오픈형,남향,가능,-,1998.02.18,벽걸이에어컨,"냉장고, 세탁기, 싱크대, 옷장, 붙박이장, 침대, 가스레인지","인터폰, 방범창","풀옵션, 큰길가, 주차가능",서울특별시 강남구 역삼동 681-39 소망빌라,37.509,127.042,2025-08-28 08:49:24
27,https://www.peterpanz.com/house/17869171,월세,5000000,310000,90000.0,-,즉시입주,가능,제2종 근린생활시설,원룸,23.14,2층/5층,1개/1개,오픈형,남향,불가,위반건축물 아님,2000.09.29,벽걸이에어컨,"냉장고, 가스레인지",-,큰길가,서울특별시 동작구 상도동 499-8,37.4943,126.956,2025-08-28 08:49:24
28,https://www.peterpanz.com/house/17869291,전세,390000000,0,0.0,-,즉시입주,-,공동주택,빌라,31.51,6층/6층,1개/1개,분리형,북향,가능,위반건축물 아님,2022.05.27,천장에어컨,"냉장고, 세탁기, 싱크대, 붙박이장, 옷장, 책상, 침대, 신발장, 전자레인지, 인덕션레인지, 샤워부스, 비데, 식탁, TV, 건조기, 소파","현관보안, CCTV, 인터폰, 방범창, 카드키, 비디오폰","신축, 풀옵션, 엘리베이터, 반려동물, 전세자금대출, 주차가능",서울특별시 강남구 역삼동 743-12 우리엘,37.4967,127.036,2025-08-28 08:49:24
29,https://www.peterpanz.com/house/17869331,전세,260000000,0,100000.0,-,즉시입주 (협의가능),가능,공동주택,원룸,23.14,3층/6층,1개/1개,오픈형,북향,불가,위반건축물 아님,2022.05.27,천장에어컨,"세탁기, 싱크대, 붙박이장, 옷장, 냉장고, 책상, 침대, 신발장, 전자레인지, 인덕션레인지, 비데, 식탁, 건조기, 샤워부스","현관보안, CCTV, 인터폰, 카드키, 비디오폰, 방범창","신축, 풀옵션, 엘리베이터, 반려동물, 전세자금대출",서울특별시 강남구 역삼동 743-12 우리엘,37.4967,127.036,2025-08-28 08:49:24
30,https://www.peterpanz.com/house/17869869,월세,10000000,1000000,50000.0,-,즉시입주,-,단독주택,다가구,49.59,반지층/3층,2개/1개,오픈형,북향,가능,-,1991.08.08,,,,주차가능,서울특별시 강남구 논현동 162-2,37.5086,127.025,2025-08-28 08:49:24
31,https://www.peterpanz.com/house/17870011,단기임대,1000000,800000,80000.0,융자금 없음,즉시입주,-,공동주택,빌라,29.75,4층/5층,1개/1개,오픈형,남향,가능,-,2004.04.02,벽걸이에어컨,"냉장고, 세탁기, 싱크대, 책상, 옷장, 붙박이장, 침대, 신발장, 전자레인지, 가스레인지, 샤워부스, 식탁, 소파, TV","현관보안, CCTV, 비디오폰, 방범창","풀옵션, 큰길가, 주차가능",서울특별시 강남구 역삼동 695-31,37.5064,127.046,2025-08-28 08:49:24
32,https://www.peterpanz.com/house/17870812,단기임대,10000000,3800000,400000.0,-,즉시입주 (협의가능),-,업무시설,,43.13,3층/20층,1개/1개,오픈형,북향,가능,,2023.10.30,천장에어컨,"냉장고, 세탁기, 옷장, 붙박이장, 신발장, 인덕션레인지, 샤워부스, 비데, 건조기","현관보안, CCTV, 인터폰, 비디오폰, 카드키","신축, 풀옵션, 큰길가, 엘리베이터, 반려동물, 주차가능",서울특별시 강남구 논현동 249-9,37.5122,127.036,2025-08-28 08:49:24
33,https://www.peterpanz.com/house/17872381,월세,340000000,1600000,200000.0,"5억 3,000만원 (시세 대비 30% 이상)",즉시입주 (협의가능),-,공동주택,,49.31,9층/27층,2개/1개,분리형,북향,가능,,2023.02,천장에어컨,"냉장고, 세탁기, 싱크대, 옷장, 붙박이장, 신발장, 전자레인지, 인덕션레인지, 욕조, 비데, 건조기, 식탁","현관보안, CCTV, 인터폰, 비디오폰, 자체경비원","신축, 풀옵션, 큰길가, 엘리베이터, 반려동물, 주차가능",서울시 중구 입정동 280 힐스테이트세운센트럴2단지(도시형),37.5681,126.994,2025-08-28 08:49:24
34,https://www.peterpanz.com/house/17872724,단기임대,1000000,850000,100000.0,-,즉시입주,-,단독주택,빌라,33.06,5층/6층,1개/1개,오픈형,남향,불가,-,1990.12.26,벽걸이에어컨,"냉장고, 세탁기, 싱크대, 책상, 붙박이장, 침대, 신발장, 전자레인지, 가스레인지, 샤워부스, 소파, TV","현관보안, CCTV, 비디오폰, 방범창","풀옵션, 큰길가",서울특별시 강남구 논현동 181-12,37.5074,127.026,2025-08-28 08:49:24
35,https://www.peterpanz.com/house/17873733,월세,10000000,800000,150000.0,-,즉시입주,-,업무시설,원룸,16.36,3층/10층,1개/1개,"오픈형, 복층",북향,가능,-,2015.03.25,벽걸이에어컨,"냉장고, 세탁기, 싱크대, 붙박이장, 신발장, 인덕션레인지","현관보안, CCTV","풀옵션, 큰길가, 엘리베이터, 주차가능",서울특별시 광진구 화양동 132-75 엘리시안파크,37.5472,127.071,2025-08-28 08:49:24
36,https://www.peterpanz.com/house/17874126,전세,260000000,0,,-,즉시입주 (협의가능),가능,공동주택,빌라,21.28,3층/5층,2개/1개,분리형,남향,가능,-,2025.06.05,천장에어컨,"냉장고, 세탁기, 싱크대, 인덕션레인지",-,"신축, 풀옵션, 큰길가, 엘리베이터, 전세자금대출, 주차가능",서울특별시 마포구 도화동 2-36 공덕 더힐,37.5407,126.953,2025-08-28 08:49:24
37,https://www.peterpanz.com/house/17874169,월세,2000000,500000,100000.0,-,즉시입주,-,단독주택,원룸,23.14,중층/3층,1개/1개,오픈형,남향,불가,위반건축물,1989.09.01,벽걸이에어컨,"냉장고, 세탁기, 싱크대, 책상, 침대, 전자레인지, 인덕션레인지",-,풀옵션,서울특별시 동작구 흑석동 211-21,37.5055,126.955,2025-08-28 08:49:24
38,https://www.peterpanz.com/house/17875173,월세,10000000,630000,70000.0,-,2025. 08. 중순 (협의가능),-,단독주택,원룸,16.5,5층/5층,1개/1개,오픈형,남향,불가,-,2005.05.11,벽걸이에어컨,"냉장고, 세탁기, 싱크대, 책상, 옷장, 붙박이장, 침대, 신발장, 전자레인지, 인덕션레인지, 가스오븐","현관보안, CCTV, 인터폰",풀옵션,서울특별시 동대문구 이문동 264-384,37.5982,127.056,2025-08-28 08:49:24
39,https://www.peterpanz.com/house/17875178,월세,25000000,300000,50000.0,시세 대비 30% 미만,즉시입주,-,제2종 근린생활시설,원룸,16.53,고층/4층,1개/1개,오픈형,남향,불가,-,2010.11.08,-,"냉장고, 세탁기, 싱크대, 책상, 옷장, 침대, 인덕션레인지",현관보안,"풀옵션, 큰길가",서울특별시 동작구 노량진동 206-56,37.5119,126.946,2025-08-28 08:49:24
40,https://www.peterpanz.com/house/17875186,월세,10000000,480000,90000.0,-,즉시입주,-,단독주택,원룸,16.53,2층/3층,1개/1개,분리형,북향,불가,-,2010.07.09,벽걸이에어컨,"냉장고, 세탁기, 싱크대, 책상, 옷장, 붙박이장, 침대, 신발장, 전자레인지, 인덕션레인지","현관보안, CCTV, 인터폰","풀옵션, 큰길가",서울특별시 동대문구 회기동 103-269,37.5907,127.049,2025-08-28 08:49:24
41,https://www.peterpanz.com/house/17875218,월세,5000000,450000,100000.0,-,즉시입주,-,단독주택,원룸,16.5,2층/3층,1개/1개,오픈형,북향,불가,-,2012.06.22,벽걸이에어컨,"냉장고, 세탁기, 싱크대, 책상, 옷장, 붙박이장, 침대, 신발장, 전자레인지, 인덕션레인지, 가스오븐","현관보안, CCTV, 인터폰",풀옵션,서울특별시 동대문구 휘경동 183-380,37.5916,127.058,2025-08-28 08:49:24
42,https://www.peterpanz.com/house/17875525,월세,10000000,1100000,100000.0,,즉시입주,-,,오피스텔,25.0,4층/16층,1개/1개,,,가능,,,-,-,-,,서울특별시 종로구 종로5가 138-4,37.5707,127.001,2025-08-28 08:49:25
43,https://www.peterpanz.com/house/17879333,월세,3000000,350000,70000.0,-,즉시입주,-,단독주택,원룸,23.14,3층/4층,1개/1개,분리형,남향,불가,-,2000.10.19,벽걸이에어컨,"냉장고, 세탁기, 싱크대, 옷장, 가스레인지",CCTV,풀옵션,서울특별시 동작구 상도동 504-21,37.4943,126.957,2025-08-28 08:49:25
44,https://www.peterpanz.com/house/17879825,전세,240000000,0,,-,즉시입주,-,공동주택,빌라,18.61,고층/5층,1개/1개,분리형,남향,가능,-,2025.02.06,천장에어컨,"냉장고, 세탁기, 싱크대, 신발장, 인덕션레인지","현관보안, CCTV, 인터폰, 비디오폰, 카드키, 방범창","신축, 풀옵션, 큰길가, 엘리베이터, 반려동물, 전세자금대출, 주차가능",서울특별시 용산구 청파동2가 8-1 행복인,37.5468,126.967,2025-08-28 08:49:25
45,https://www.peterpanz.com/house/17879859,월세,140000000,100000,50000.0,-,즉시입주 (협의가능),가능,단독주택,상가주택,23.14,중층/4층,1개/1개,오픈형,남향,불가,위반건축물 아님,2020.11.16,,,,"신축, 풀옵션, 큰길가, 전세자금대출",서울특별시 용산구 후암동 404-20,37.5476,126.982,2025-08-28 08:49:25
46,https://www.peterpanz.com/house/17880229,전세,100000000,0,70000.0,시세 대비 30% 미만,즉시입주 (협의가능),-,단독주택,단독,23.14,고층/7층,1개/1개,분리형,남향,가능,-,2011.07.28,벽걸이에어컨,"냉장고, 세탁기, 싱크대, 책상, 옷장, 붙박이장, 신발장, 전자레인지, 인덕션레인지, TV","현관보안, CCTV, 방범창, 자체경비원","풀옵션, 큰길가, 엘리베이터, 반려동물, 전세자금대출, 주차가능",서울특별시 동작구 상도동,37.505,126.943,2025-08-28 08:49:25
47,https://www.peterpanz.com/house/17881033,전세,80000000,0,50000.0,-,즉시입주,가능,제2종 근린생활시설,원룸,16.53,4층/4층,1개/1개,오픈형,남향,불가,-,1990.11.28,벽걸이에어컨,"냉장고, 세탁기, 싱크대, 옷장, 침대, 신발장, 전자레인지, 인덕션레인지","현관보안, 카드키","풀옵션, 큰길가",서울특별시 동작구 노량진동 215-9,37.5089,126.947,2025-08-28 08:49:25
48,https://www.peterpanz.com/house/17881629,전세,70000000,0,0.0,융자금 없음,즉시입주 (협의가능),-,단독주택,단독,26.4,1층/3층,1개/1개,분리형,남향,불가,-,1994.03.24,벽걸이에어컨,"냉장고, 가스레인지, 싱크대","방범창, 카드키",전세자금대출,서울특별시 용산구 이태원동,37.5392,126.994,2025-08-28 08:49:25
49,https://www.peterpanz.com/house/17882059,전세,173700000,0,100000.0,-,즉시입주,가능,단독주택,다가구,27.94,저층/3층,1개/1개,오픈형,서향,가능,위반건축물 아님,1996.08.06,벽걸이에어컨,"냉장고, 세탁기, 싱크대, 옷장, 신발장, 가스레인지","현관보안, 방범창","풀옵션, 큰길가, 전세자금대출, 주차가능",서울특별시 강남구 삼성동 40-23,37.5129,127.046,2025-08-28 08:49:25
50,https://www.peterpanz.com/house/17882137,전세,270000000,0,0.0,융자금 없음,2025. 10. 23. 이후,가능,단독주택,단독,49.59,고층/1층,1개/1개,분리형,서향,가능,위반건축물 아님,2015.01.29,벽걸이에어컨,"냉장고, 세탁기, 싱크대, 붙박이장, 옷장, 신발장, 인덕션레인지",인터폰,주차가능,서울특별시 성북구 성북동,37.5927,127.002,2025-08-28 08:49:25
51,https://www.peterpanz.com/house/17882155,월세,100000000,3000000,500000.0,-,즉시입주,-,업무시설,,41.64,고층/16층,1개/1개,분리형,남향,가능,,2018.12.13,천장에어컨,"냉장고, 세탁기, 싱크대, 붙박이장, 인덕션레인지","현관보안, CCTV, 인터폰, 카드키, 사설경비","풀옵션, 큰길가, 엘리베이터, 전세자금대출, 주차가능",서울특별시 강남구 청담동 91-2 아노블리81,37.5239,127.042,2025-08-28 08:49:25
52,https://www.peterpanz.com/house/17882219,전세,290000000,0,100000.0,-,즉시입주 (협의가능),-,단독주택,단독,49.59,고층/3층,2개/1개,분리형,남향,가능,-,2008.09.30,스탠드에어컨,"싱크대, 붙박이장, 신발장, 가스레인지","현관보안, CCTV, 인터폰, 비디오폰","큰길가, 전세자금대출, 주차가능",서울특별시 동작구 상도동 126-9,37.4934,126.956,2025-08-28 08:49:25
53,https://www.peterpanz.com/house/17882983,단기임대,1100000,1100000,100000.0,융자금 없음,즉시입주,-,업무시설,,28.12,5층/15층,1개/1개,오픈형,동향,가능,,2004.10.22,벽걸이에어컨,"냉장고, 세탁기, 싱크대, 책상, 옷장, 붙박이장, 침대, 신발장, 전자레인지, 가스레인지, 샤워부스, 식탁, 소파, TV","현관보안, CCTV, 비디오폰, 방범창, 자체경비원","풀옵션, 큰길가, 엘리베이터, 주차가능",서울특별시 강남구 역삼동 831-40 역삼SK허브블루,37.4941,127.031,2025-08-28 08:49:25
54,https://www.peterpanz.com/house/17882984,단기임대,1400000,1400000,100000.0,융자금 없음,즉시입주,-,업무시설,,27.72,13층/19층,1개/1개,오픈형,남향,가능,,2004.08.06,벽걸이에어컨,"냉장고, 세탁기, 싱크대, 책상, 옷장, 붙박이장, 침대, 신발장, 전자레인지, 가스레인지, 샤워부스, 소파, TV","현관보안, CCTV, 비디오폰, 방범창, 자체경비원","풀옵션, 큰길가, 엘리베이터, 주차가능",서울특별시 강남구 역삼동 822-7 목화밀라트,37.499,127.03,2025-08-28 08:49:25
55,https://www.peterpanz.com/house/17883230,단기임대,1800000,1200000,100000.0,-,즉시입주,불가능,공동주택,빌라,23.33,1층/4층,1개/1개,분리형,북향,가능,위반건축물,2016.04.21,벽걸이에어컨,"냉장고, 세탁기, 싱크대, 붙박이장, 침대, 신발장, 전자레인지, 인덕션레인지, 식탁, 소파, TV","현관보안, CCTV, 인터폰, 비디오폰","풀옵션, 주차가능",서울특별시 강남구 논현동 154-16,37.5106,127.03,2025-08-28 08:49:25
56,https://www.peterpanz.com/house/17883387,단기임대,2000000,1350000,120000.0,-,즉시입주,-,업무시설,,33.06,고층/6층,1개/1개,오픈형,동향,가능,,2004.02.23,-,"냉장고, 세탁기, 싱크대, 붙박이장, 침대, 가스레인지, 샤워부스, 소파, TV","현관보안, CCTV","풀옵션, 큰길가, 엘리베이터, 주차가능",서울특별시 강남구 대치동 891-23 대치동 대우아이빌명문가,37.5051,127.054,2025-08-28 08:49:25
57,https://www.peterpanz.com/house/17883727,단기임대,1500000,1500000,120000.0,-,즉시입주,-,공동주택,,30.03,11층/26층,1개/1개,오픈형,북향,가능,,2002.06.25,-,"냉장고, 세탁기, 싱크대, 붙박이장, 침대, 신발장, 전자레인지, 인덕션레인지, 샤워부스, 소파, TV",-,"풀옵션, 큰길가, 엘리베이터, 주차가능",서울특별시 강남구 역삼동 720-25 디오빌역삼,37.5015,127.043,2025-08-28 08:49:25
58,https://www.peterpanz.com/house/17885191,단기임대,1000000,800000,80000.0,-,즉시입주,-,단독주택,다가구,30.2,4층/5층,1개/1개,오픈형,동향,가능,-,2002.07.31,벽걸이에어컨,"냉장고, 세탁기, 싱크대, 책상, 옷장, 침대, 신발장, 전자레인지, 가스레인지, 샤워부스, 식탁, 소파, TV","현관보안, CCTV, 인터폰, 비디오폰, 방범창","풀옵션, 큰길가, 주차가능",서울특별시 강남구 대치동 895-8,37.5038,127.054,2025-08-28 08:49:25
59,https://www.peterpanz.com/house/17886162,월세,50000000,700000,50000.0,-,2025. 08. 20. 이후,가능,단독주택,다가구,22.34,1층/3층,1개/1개,분리형,동향,불가,-,2022.07.11,천장에어컨,"세탁기, 싱크대, 붙박이장, 신발장, 인덕션레인지","현관보안, CCTV, 인터폰, 비디오폰",신축,서울특별시 광진구 구의동 231-27 대명캐슬B동,37.5435,127.089,2025-08-28 08:49:25
60,https://www.peterpanz.com/house/17886683,전세,290000000,0,130000.0,융자금 없음,2025. 11. 15. 이후 (협의가능),가능,공동주택,빌라,20.24,5층/5층,1개/1개,"분리형, 복층",서향,가능,위반건축물 아님,2023.05.11,벽걸이에어컨,"냉장고, 세탁기, 싱크대, 신발장, 인덕션레인지, 샤워부스","현관보안, CCTV, 인터폰, 비디오폰, 방범창, 사설경비","신축, 풀옵션, 큰길가, 엘리베이터, 전세자금대출, 주차가능",서울특별시 송파구 잠실동 240-4 잠실엘리트,37.5074,127.087,2025-08-28 08:49:25
61,https://www.peterpanz.com/house/17887099,단기임대,1200000,1200000,100000.0,시세 대비 30% 미만,즉시입주,-,단독주택,다가구,39.67,3층/5층,1개/1개,분리형,북향,가능,-,2001.06.25,벽걸이에어컨,"냉장고, 세탁기, 싱크대, 책상, 붙박이장, 침대, 신발장, 전자레인지, 인덕션레인지, 샤워부스, 식탁, 소파, TV","현관보안, CCTV, 비디오폰, 방범창","풀옵션, 주차가능",서울특별시 강남구 역삼동 744-20,37.4968,127.036,2025-08-28 08:49:25
62,https://www.peterpanz.com/house/17887195,월세,30000000,550000,70000.0,-,즉시입주,-,제2종 근린생활시설,빌라,19.12,5층/6층,1개/1개,오픈형,북향,불가,위반건축물 아님,2004.01.09,벽걸이에어컨,"냉장고, 세탁기, 싱크대, 인덕션레인지","CCTV, 인터폰, 자체경비원","큰길가, 엘리베이터",서울특별시 광진구 중곡동 41-33 비버리캐슬,37.5619,127.082,2025-08-28 08:49:25
63,https://www.peterpanz.com/house/17887357,월세,10000000,950000,,-,즉시입주 (협의가능),가능,단독주택,빌라,36.37,반지층/3층,2개/1개,분리형,북향,가능,위반건축물 아님,1994.11.17,벽걸이에어컨,"싱크대, 가스레인지",-,주차가능,서울특별시 강남구 논현동 170-11,37.5081,127.028,2025-08-28 08:49:25
64,https://www.peterpanz.com/house/17887981,전세,410000000,0,110000.0,-,즉시입주,-,업무시설,,29.89,중층/13층,2개/1개,분리형,남향,가능,,2024.07.29,천장에어컨,"냉장고, 세탁기, 싱크대, 옷장, 붙박이장, 신발장, 인덕션레인지, 샤워부스, 건조기","현관보안, CCTV, 비디오폰","신축, 풀옵션, 큰길가, 엘리베이터, 반려동물, 전세자금대출, 주차가능",서울특별시 용산구 원효로3가 277-1,37.5331,126.956,2025-08-28 08:49:25
65,https://www.peterpanz.com/house/17887988,단기임대,1700000,1600000,100000.0,-,즉시입주 (협의가능),-,공동주택,빌라,28.47,중층/5층,1개/1개,분리형,남향,가능,위반건축물 아님,2012.03.26,벽걸이에어컨,"냉장고, 세탁기, 싱크대, 붙박이장, 침대, 신발장, 전자레인지, 가스레인지, 샤워부스, 소파, TV","현관보안, CCTV","풀옵션, 주차가능",서울특별시 강남구 역삼동 752-20,37.4952,127.034,2025-08-28 08:49:25
66,https://www.peterpanz.com/house/17888204,월세,3000000,420000,80000.0,융자금 없음,즉시입주,-,제1종 근린생활시설,단독,17.0,2층/4층,1개/1개,오픈형,서향,불가,위반건축물 아님,2003,벽걸이에어컨,"냉장고, 세탁기, 싱크대, 가스레인지, 신발장",현관보안,풀옵션,서울특별시 관악구 봉천동 41-118,37.4882,126.953,2025-08-28 08:49:25
67,https://www.peterpanz.com/house/17889193,월세,300000000,260000,50000.0,융자금 없음,2025. 09. 01. 이후,가능,공동주택,빌라,22.57,4층/6층,1개/1개,분리형,서향,불가,위반건축물 아님,2022.09.01,,,,"신축, 풀옵션, 엘리베이터, 전세자금대출",서울특별시 송파구 삼전동 35-5 슬로우밀리355,37.5018,127.088,2025-08-28 08:49:25
68,https://www.peterpanz.com/house/17889261,월세,120000000,450000,120000.0,-,2025. 08. 22. 이후 (협의가능),가능,단독주택,다가구,29.7,중층/5층,1개/1개,오픈형,동향,가능,위반건축물 아님,2002.08.06,벽걸이에어컨,"세탁기, 싱크대, 붙박이장, 인덕션레인지",-,"큰길가, 엘리베이터, 전세자금대출, 주차가능",서울특별시 강남구 역삼동 664,37.5051,127.038,2025-08-28 08:49:25
69,https://www.peterpanz.com/house/17889528,월세,10000000,600000,60000.0,-,즉시입주 (협의가능),-,제2종 근린생활시설,다가구,18.23,3층/4층,1개/1개,오픈형,북향,불가,-,1990.09.07,벽걸이에어컨,"냉장고, 세탁기, 싱크대, 인덕션레인지",현관보안,"풀옵션, 큰길가, 전세자금대출",서울특별시 송파구 가락동 12-6,37.5014,127.126,2025-08-28 08:49:25
70,https://www.peterpanz.com/house/17889993,월세,50000000,450000,70000.0,-,즉시입주,-,단독주택,원룸,23.14,고층/2층,1개/1개,분리형,남향,불가,위반건축물,2021.05.12,벽걸이에어컨,"냉장고, 세탁기, 싱크대, 책상, 옷장, 신발장, 전자레인지, 인덕션레인지",-,"신축, 풀옵션",서울특별시 동작구 상도1동 460-13,37.5031,126.949,2025-08-28 08:49:25
71,https://www.peterpanz.com/house/17890028,전세,270000000,0,60000.0,시세 대비 30% 이상,즉시입주,가능,공동주택,빌라,28.94,5층/6층,2개/1개,분리형,북향,가능,위반건축물 아님,2024.08.30,천장에어컨,"냉장고, 세탁기, 싱크대, 신발장, 인덕션레인지, 샤워부스","현관보안, CCTV, 인터폰, 비디오폰, 방범창, 사설경비","신축, 풀옵션, 큰길가, 엘리베이터, 전세자금대출, 주차가능",서울특별시 중랑구 상봉동 125-15,37.5922,127.082,2025-08-28 08:49:25
72,https://www.peterpanz.com/house/17890994,월세,10000000,750000,100000.0,-,즉시입주,-,업무시설,,22.99,10층/23층,1개/1개,오픈형,남향,가능,,2021.12.10,천장에어컨,"냉장고, 세탁기, 싱크대, 옷장, 붙박이장, 신발장, 인덕션레인지, 샤워부스","현관보안, CCTV, 비디오폰, 자체경비원","신축, 풀옵션, 큰길가, 엘리베이터, 반려동물, 주차가능",서울시 강북구 수유동 740 에피소드수유838(민간임대),37.6371,127.023,2025-08-28 08:49:25
73,https://www.peterpanz.com/house/17892832,월세,20000000,1550000,150000.0,-,2025. 07. 31. 이후 (협의가능),-,공동주택,빌라,29.93,2층/4층,1개/1개,오픈형,동향,가능,-,2016.05.20,천장에어컨,"세탁기, 싱크대, 옷장, 신발장, 인덕션레인지, 샤워부스","현관보안, 비디오폰","신축, 큰길가, 엘리베이터, 주차가능",서울특별시 강남구 청담동 16-6,37.5211,127.045,2025-08-28 08:49:25
74,https://www.peterpanz.com/house/17893272,월세,10000000,590000,100000.0,-,즉시입주,-,단독주택,다가구,23.14,2층/3층,1개/1개,오픈형,남향,불가,-,1996.07.08,벽걸이에어컨,"냉장고, 세탁기",-,풀옵션,서울특별시 강남구 역삼동 724-34,37.4996,127.043,2025-08-28 08:49:25
75,https://www.peterpanz.com/house/17893516,월세,20000000,950000,50000.0,-,2025. 08. 21. 이후 (협의가능),-,단독주택,단독,40.0,1층/2층,2개/1개,분리형,북향,불가,-,1993.01.11,벽걸이에어컨,"냉장고, 세탁기, 싱크대, 옷장",-,,서울특별시 마포구 대흥동 21-6,37.5527,126.945,2025-08-28 08:49:25
76,https://www.peterpanz.com/house/17893689,월세,200000000,500000,,-,즉시입주,-,공동주택,빌라,27.7,저층/6층,2개/1개,오픈형,남향,가능,-,2025.11.16,천장에어컨,"냉장고, 싱크대, 인덕션레인지, 비데","현관보안, CCTV, 인터폰","신축, 엘리베이터, 전세자금대출, 주차가능",서울특별시 광진구 중곡동 119-3 베아트리스,37.5551,127.087,2025-08-28 08:49:25
77,https://www.peterpanz.com/house/17894000,월세,50000000,600000,90000.0,-,즉시입주,가능,공동주택,빌라,29.07,4층/5층,1개/1개,분리형,남향,가능,위반건축물 아님,2004.05.17,벽걸이에어컨,"냉장고, 세탁기, 싱크대, 가스레인지",-,"풀옵션, 주차가능",서울특별시 송파구 삼전동 118-15,37.5037,127.095,2025-08-28 08:49:25
78,https://www.peterpanz.com/house/17894078,월세,30000000,950000,100000.0,-,즉시입주,-,공동주택,빌라,22.66,2층/5층,1개/1개,분리형,동향,가능,-,2016.06.08,벽걸이에어컨,"냉장고, 세탁기, 싱크대, 가스레인지",-,"엘리베이터, 주차가능",서울특별시 강남구 논현동 136-19,37.5115,127.027,2025-08-28 08:49:25
79,https://www.peterpanz.com/house/17894227,월세,10000000,1550000,150000.0,-,2025. 08. 25. 이후 (협의가능),가능,공동주택,,29.71,6층/17층,2개/1개,분리형,남향,가능,,2024.06.27,천장에어컨,"냉장고, 세탁기, 싱크대, 옷장, 붙박이장, 신발장, 인덕션레인지, 건조기, TV","현관보안, CCTV, 인터폰, 비디오폰, 카드키","신축, 풀옵션, 큰길가, 엘리베이터, 주차가능",서울특별시 동대문구 전농동 602-23,37.5839,127.05,2025-08-28 08:49:25
80,https://www.peterpanz.com/house/17895176,전세,315000000,0,70000.0,-,2025. 09. 22. 이후 (협의가능),-,공동주택,빌라,49.59,4층/5층,2개/1개,분리형,남향,가능,-,2003.09.26,벽걸이에어컨,-,-,"반려동물, 전세자금대출, 주차가능",서울특별시 강남구 논현동 102-15,37.5199,127.04,2025-08-28 08:49:25
81,https://www.peterpanz.com/house/17895320,전세,100000000,0,90000.0,시세 대비 30% 미만,즉시입주,-,공동주택,원룸,19.84,3층/5층,1개/1개,분리형,남향,가능,-,2017,벽걸이에어컨,"전자레인지, 옷장, 인덕션레인지, 침대, TV, 세탁기, 싱크대, 냉장고","현관보안, CCTV, 인터폰","풀옵션, 전세자금대출, 주차가능",서울특별시 동작구 사당동 73-12,37.4905,126.981,2025-08-28 08:49:25
82,https://www.peterpanz.com/house/17895346,월세,120000000,450000,100000.0,-,즉시입주,가능,단독주택,다가구,30.0,2층/3층,1개/1개,분리형,동향,불가,위반건축물,1990.12.10,벽걸이에어컨,"냉장고, 싱크대, 가스레인지",-,전세자금대출,서울특별시 강남구 논현동 73-11,37.5182,127.031,2025-08-28 08:49:25
83,https://www.peterpanz.com/house/17895534,단기임대,1200000,950000,100000.0,-,즉시입주,-,단독주택,다가구,33.05,2층/4층,1개/1개,오픈형,동향,불가,위반건축물 아님,2000.08.25,벽걸이에어컨,"냉장고, 세탁기, 싱크대, 붙박이장, 침대, 신발장, 전자레인지, 인덕션레인지, 식탁, 소파","현관보안, CCTV, 인터폰",풀옵션,서울특별시 강남구 역삼동 637-14,37.5013,127.032,2025-08-28 08:49:25
84,https://www.peterpanz.com/house/17895701,월세,1500000,1200000,100000.0,시세 대비 30% 이상,즉시입주,가능,제2종 근린생활시설,빌라,26.45,3층/6층,1개/1개,오픈형,서향,가능,-,2003.08.04,천장에어컨,"냉장고, 세탁기, 싱크대, 신발장, 인덕션레인지, 샤워부스","현관보안, CCTV, 인터폰, 비디오폰, 방범창, 사설경비","풀옵션, 큰길가, 엘리베이터, 반려동물, 주차가능",서울특별시 강남구 대치동 900-16 샬롬빌,37.5024,127.053,2025-08-28 08:49:25
85,https://www.peterpanz.com/house/17896325,월세,3000000,300000,0.0,융자금 없음,즉시입주,가능,단독주택,원룸,16.53,1층/1층,1개/1개,분리형,남향,불가,-,1989.01,벽걸이에어컨,"싱크대, 냉장고, 세탁기, 가스레인지",카드키,풀옵션,서울특별시 성북구 동소문동2가 299,37.589,127.009,2025-08-28 08:49:25
86,https://www.peterpanz.com/house/17897381,전세,110000000,0,90000.0,-,2025. 08. 25. 이후,-,제2종 근린생활시설,원룸,20.0,6층/7층,1개/1개,오픈형,북향,불가,위반건축물 아님,2010.01.18,벽걸이에어컨,"냉장고, 세탁기, 싱크대, 인덕션레인지","현관보안, 비디오폰",엘리베이터,서울특별시 광진구 화양동 20-23 화양빌딩,37.5468,127.068,2025-08-28 08:49:25
87,https://www.peterpanz.com/house/17897806,단기임대,1000000,800000,70000.0,융자금 없음,즉시입주 (협의가능),-,단독주택,다가구,24.89,4층/5층,1개/1개,오픈형,남향,불가,-,1994.05.07,벽걸이에어컨,"냉장고, 세탁기, 싱크대, 옷장, 붙박이장, 침대, 신발장, 전자레인지, 인덕션레인지, 식탁, TV","현관보안, CCTV, 인터폰, 비디오폰",풀옵션,서울특별시 서초구 반포동 734-5,37.5067,127.021,2025-08-28 08:49:25
88,https://www.peterpanz.com/house/17898140,월세,5000000,520000,80000.0,융자금 없음,즉시입주,-,단독주택,원룸,19.84,저층/4층,1개/1개,오픈형,남향,불가,-,2015.11.18,벽걸이에어컨,"냉장고, 세탁기, 싱크대, 책상, 옷장, 침대, 전자레인지, 인덕션레인지",현관보안,"풀옵션, 큰길가",서울특별시 동작구 노량진동 215-156,37.5091,126.947,2025-08-28 08:49:25
89,https://www.peterpanz.com/house/17899322,월세,1700000,1350000,150000.0,시세 대비 30% 미만,즉시입주 (협의가능),-,공동주택,빌라,23.69,중층/6층,1개/1개,분리형,남향,가능,-,2018.01.03,"벽걸이에어컨, 천장에어컨","냉장고, 세탁기, 싱크대, 옷장, 붙박이장, 침대, 신발장, 전자레인지, 인덕션레인지, 욕조, 소파, TV","현관보안, CCTV, 비디오폰","신축, 풀옵션, 큰길가, 엘리베이터, 반려동물, 주차가능",서울특별시 강남구 역삼동 697-36,37.5057,127.045,2025-08-28 08:49:25
90,https://www.peterpanz.com/house/17901899,전세,279000000,0,90000.0,-,즉시입주,-,공동주택,빌라,25.96,2층/5층,1개/1개,분리형,남향,가능,-,2023.09.22,천장에어컨,"냉장고, 세탁기, 싱크대, 신발장, 인덕션레인지, 건조기","현관보안, CCTV","신축, 풀옵션, 엘리베이터, 전세자금대출, 주차가능",서울특별시 송파구 잠실동 329-5 그랑아트,37.5024,127.085,2025-08-28 08:49:25
91,https://www.peterpanz.com/house/17902443,월세,100000000,2700000,250000.0,-,즉시입주 (협의가능),가능,제1종 근린생활시설,,33.52,13층/13층,2개/1개,"분리형, 복층",북향,가능,,2022.01.27,천장에어컨,"냉장고, 세탁기, 싱크대, 옷장, 붙박이장, 신발장, 전자레인지, 가스레인지, 인덕션레인지, 샤워부스, 비데, TV","현관보안, CCTV, 인터폰, 비디오폰, 카드키, 자체경비원","신축, 큰길가, 엘리베이터, 전세자금대출, 주차가능",서울특별시 서초구 잠원동 27-2,37.5144,127.019,2025-08-28 08:49:25
92,https://www.peterpanz.com/house/17902612,월세,30000000,1800000,100000.0,-,즉시입주,-,공동주택,빌라,25.41,4층/6층,2개/1개,분리형,남향,가능,-,2019.06.03,천장에어컨,"세탁기, 싱크대, 인덕션레인지","현관보안, CCTV, 인터폰, 비디오폰","엘리베이터, 반려동물, 주차가능","서울특별시 강남구 논현동 187-7 논현동 187-7,8",37.5071,127.028,2025-08-28 08:49:25
93,https://www.peterpanz.com/house/17903077,단기임대,800000,580000,100000.0,-,즉시입주,-,제2종 근린생활시설,원룸,20.83,4층/6층,1개/1개,오픈형,북향,불가,-,2011.06.07,벽걸이에어컨,"냉장고, 세탁기, 싱크대, 책상, 붙박이장, 침대, 신발장, 전자레인지, 인덕션레인지, TV","현관보안, CCTV, 비디오폰, 방범창, 자체경비원","풀옵션, 엘리베이터",서울특별시 강남구 논현동 147-4 아인스스튜디오,37.5103,127.027,2025-08-28 08:49:25
94,https://www.peterpanz.com/house/17903385,단기임대,1000000,850000,100000.0,-,즉시입주,-,공동주택,빌라,23.14,2층/7층,1개/1개,오픈형,남향,가능,-,2012.12.18,벽걸이에어컨,"냉장고, 세탁기, 싱크대, 책상, 옷장, 붙박이장, 침대, 신발장, 전자레인지, 가스레인지, 인덕션레인지, 가스오븐, 샤워부스, 식탁, 소파, TV","현관보안, CCTV, 인터폰, 비디오폰, 카드키, 방범창, 자체경비원","신축, 풀옵션, 큰길가, 엘리베이터, 반려동물, 주차가능",서울특별시 서초구 잠원동 8-27 신사 레전드,37.5177,127.018,2025-08-28 08:49:25
95,https://www.peterpanz.com/house/17903393,단기임대,1600000,1400000,100000.0,시세 대비 30% 미만,즉시입주,-,단독주택,빌라,29.75,고층/5층,1개/1개,오픈형,남향,가능,-,2021.10.07,천장에어컨,"냉장고, 세탁기, 싱크대, 책상, 옷장, 붙박이장, 침대, 신발장, 전자레인지, 가스레인지, 인덕션레인지, 샤워부스, 식탁, 소파, TV","현관보안, CCTV, 인터폰, 비디오폰, 카드키, 방범창, 자체경비원","신축, 풀옵션, 큰길가, 엘리베이터, 반려동물, 주차가능",서울특별시 강남구 논현동 188-8,37.5073,127.03,2025-08-28 08:49:25
96,https://www.peterpanz.com/house/17903399,단기임대,1000000,800000,150000.0,시세 대비 30% 미만,즉시입주,-,공동주택,빌라,24.5,2층/5층,1개/1개,오픈형,남향,가능,-,2013.06.28,벽걸이에어컨,"냉장고, 세탁기, 싱크대, 책상, 옷장, 붙박이장, 침대, 신발장, 전자레인지, 가스레인지, 인덕션레인지, 가스오븐, 샤워부스, 욕조, 소파, TV","현관보안, CCTV, 인터폰, 비디오폰, 카드키, 방범창, 자체경비원","신축, 풀옵션, 큰길가, 엘리베이터, 반려동물, 주차가능",서울특별시 강남구 역삼동 743-11,37.4968,127.035,2025-08-28 08:49:25
97,https://www.peterpanz.com/house/17903579,단기임대,700000,650000,100000.0,시세 대비 30% 미만,즉시입주,-,제2종 근린생활시설,빌라,21.49,반지층/4층,1개/1개,오픈형,남향,가능,-,2000.12.30,벽걸이에어컨,"냉장고, 세탁기, 싱크대, 책상, 옷장, 붙박이장, 침대, 신발장, 전자레인지, 가스레인지, 인덕션레인지, 식탁, 소파, TV","현관보안, CCTV, 인터폰, 비디오폰, 카드키, 방범창, 자체경비원","풀옵션, 큰길가, 반려동물, 주차가능",서울특별시 강남구 역삼동 740-14,37.4976,127.035,2025-08-28 08:49:25
98,https://www.peterpanz.com/house/17903590,단기임대,800000,700000,100000.0,융자금 없음,즉시입주,-,단독주택,빌라,23.14,고층/3층,1개/1개,오픈형,남향,가능,-,1994.09.29,벽걸이에어컨,"냉장고, 세탁기, 싱크대, 책상, 옷장, 붙박이장, 침대, 신발장, 가스레인지, 식탁, 소파, TV","현관보안, CCTV, 인터폰, 비디오폰, 방범창, 자체경비원","풀옵션, 큰길가, 반려동물, 주차가능",서울특별시 강남구 논현동 224-24,37.5107,127.034,2025-08-28 08:49:25
99,https://www.peterpanz.com/house/17903629,단기임대,800000,700000,100000.0,시세 대비 30% 미만,즉시입주,-,단독주택,빌라,23.14,저층/3층,1개/1개,오픈형,남향,가능,-,2002.04.04,벽걸이에어컨,"냉장고, 세탁기, 싱크대, 책상, 옷장, 붙박이장, 침대, 신발장, 가스레인지, 인덕션레인지, 식탁, 소파, TV","현관보안, CCTV, 인터폰, 비디오폰, 카드키, 방범창, 자체경비원","풀옵션, 큰길가, 반려동물, 주차가능",서울특별시 강남구 역삼동 672-7,37.5045,127.039,2025-08-28 08:49:25
100,https://www.peterpanz.com/house/17904931,전세,230000000,0,100000.0,-,즉시입주,-,단독주택,다가구,36.31,2층/4층,2개/1개,분리형,남향,가능,위반건축물 아님,2003.12.24,,,,주차가능,서울특별시 강남구 대치동 932-33 그레이스 빌,37.4995,127.06,2025-08-28 08:49:25
101,https://www.peterpanz.com/house/17905351,월세,3000000,500000,40000.0,"5,000만원 (시세 대비 30% 미만)",즉시입주 (협의가능),-,제2종 근린생활시설,원룸,25.84,B1층/4층,1개/1개,오픈형,동향,불가,-,2008.05.02,벽걸이에어컨,"세탁기, 싱크대, 신발장, 인덕션레인지","현관보안, 인터폰",,서울특별시 용산구 남영동 48-1,37.5433,126.974,2025-08-28 08:49:25
102,https://www.peterpanz.com/house/17906783,단기임대,1000000,750000,100000.0,-,즉시입주,-,단독주택,빌라,26.44,1층/3층,1개/1개,분리형,남향,가능,위반건축물 아님,1995.07.13,벽걸이에어컨,"냉장고, 세탁기, 싱크대, 옷장, 침대, 전자레인지, 가스레인지, 소파, TV","현관보안, CCTV","풀옵션, 큰길가, 주차가능",서울특별시 강남구 논현동 172-10,37.5087,127.029,2025-08-28 08:49:25
103,https://www.peterpanz.com/house/17906852,단기임대,700000,700000,100000.0,-,즉시입주,-,단독주택,다가구,23.14,4층/5층,1개/1개,오픈형,서향,불가,위반건축물 아님,2000.07.18,벽걸이에어컨,"냉장고, 세탁기, 싱크대, 붙박이장, 침대, 신발장, 전자레인지, 인덕션레인지, TV",현관보안,"풀옵션, 큰길가",서울특별시 강남구 논현동 150-13,37.5108,127.029,2025-08-28 08:49:25
104,https://www.peterpanz.com/house/17907362,단기임대,2000000,1350000,150000.0,-,즉시입주,-,업무시설,,29.65,5층/15층,1개/1개,"오픈형, 복층",남향,가능,,2004.03.19,벽걸이에어컨,"냉장고, 세탁기, 싱크대, 붙박이장, 침대, 신발장, 전자레인지, 샤워부스, 식탁, 소파, TV","현관보안, CCTV","풀옵션, 큰길가, 엘리베이터, 주차가능",서울특별시 강남구 역삼동 708-16 능현오피스텔,37.5034,127.048,2025-08-28 08:49:25
105,https://www.peterpanz.com/house/17907686,단기임대,750000,700000,100000.0,-,즉시입주,-,단독주택,원룸,23.14,1층/3층,1개/1개,오픈형,남향,가능,위반건축물 아님,1997.10.23,벽걸이에어컨,"냉장고, 세탁기, 싱크대, 옷장, 침대, 신발장, 전자레인지, 가스레인지, 비데, 소파, TV","현관보안, CCTV, 인터폰, 방범창","풀옵션, 큰길가, 주차가능",서울특별시 강남구 논현동 155-15,37.5094,127.029,2025-08-28 08:49:25
106,https://www.peterpanz.com/house/17907710,단기임대,1200000,700000,100000.0,-,즉시입주,-,단독주택,원룸,23.14,2층/3층,1개/1개,오픈형,북향,불가,위반건축물 아님,2001.12.13,벽걸이에어컨,"냉장고, 세탁기, 싱크대, 옷장, 침대, 신발장, 전자레인지, 가스레인지, TV",CCTV,"풀옵션, 큰길가",서울특별시 강남구 논현동 139-13,37.5109,127.026,2025-08-28 08:49:25
107,https://www.peterpanz.com/house/17907761,단기임대,1000000,700000,100000.0,-,즉시입주,-,공동주택,원룸,22.25,5층/5층,1개/1개,오픈형,남향,불가,위반건축물 아님,2012.06.15,벽걸이에어컨,"냉장고, 세탁기, 싱크대, 옷장, 침대, 신발장, 가스레인지, 샤워부스, TV",-,"풀옵션, 큰길가, 엘리베이터",서울특별시 서초구 반포동 724-36,37.5074,127.021,2025-08-28 08:49:25
108,https://www.peterpanz.com/house/17907798,단기임대,650000,650000,100000.0,-,즉시입주,-,단독주택,다가구,27.25,1층/3층,1개/1개,오픈형,서향,불가,위반건축물 아님,1996.09.19,벽걸이에어컨,"냉장고, 세탁기, 싱크대, 옷장, 침대, 신발장, 전자레인지, 가스레인지, TV",현관보안,"풀옵션, 큰길가",서울특별시 강남구 역삼동 733-2,37.4968,127.04,2025-08-28 08:49:25
109,https://www.peterpanz.com/house/17908032,단기임대,1500000,1200000,100000.0,-,즉시입주,-,단독주택,다가구,33.05,3층/4층,1개/1개,분리형,서향,가능,위반건축물,2014.05.01,벽걸이에어컨,"냉장고, 세탁기, 싱크대, 붙박이장, 침대, 신발장, 전자레인지, 인덕션레인지",-,"풀옵션, 엘리베이터, 주차가능",서울특별시 강남구 역삼동 697-61,37.5061,127.045,2025-08-28 08:49:25
110,https://www.peterpanz.com/house/17908040,단기임대,1500000,1200000,100000.0,-,즉시입주,-,공동주택,빌라,38.1,2층/4층,1개/1개,분리형,남향,불가,위반건축물 아님,2002.07.26,벽걸이에어컨,"냉장고, 세탁기, 싱크대, 붙박이장, 침대, 신발장, 가스레인지, 샤워부스, 식탁, 소파, TV",현관보안,"풀옵션, 큰길가",서울특별시 강남구 역삼동 685-21,37.5082,127.043,2025-08-28 08:49:25
111,https://www.peterpanz.com/house/17908043,단기임대,3000000,750000,100000.0,-,즉시입주,-,단독주택,다가구,23.1,2층/3층,1개/1개,오픈형,남향,불가,위반건축물 아님,1994.11.11,벽걸이에어컨,"냉장고, 세탁기, 싱크대, 책상, 옷장, 침대, 신발장, 전자레인지, 인덕션레인지, TV","현관보안, 방범창","풀옵션, 큰길가",서울특별시 강남구 신사동 523-15,37.5206,127.021,2025-08-28 08:49:25
112,https://www.peterpanz.com/house/17908616,월세,30000000,660000,120000.0,-,2025. 09. 01. 이후 (협의가능),-,업무시설,,18.58,고층/15층,1개/1개,"오픈형, 복층",동향,가능,,2022.08.04,천장에어컨,"냉장고, 세탁기, 싱크대, 옷장, 붙박이장, 신발장, 전자레인지, 인덕션레인지, 샤워부스","현관보안, CCTV, 인터폰, 비디오폰, 카드키, 자체경비원","신축, 풀옵션, 큰길가, 엘리베이터, 주차가능",서울시 송파구 거여동 603-1 수아주,37.487,127.143,2025-08-28 08:49:25
113,https://www.peterpanz.com/house/17910149,월세,240000000,300000,90000.0,-,2025. 10. 20. 이후 (협의가능),-,공동주택,빌라,29.93,2층/5층,2개/1개,분리형,남향,가능,-,2020.09.01,스탠드에어컨,"싱크대, 신발장, 인덕션레인지","현관보안, CCTV, 비디오폰","신축, 엘리베이터, 전세자금대출, 주차가능",서울특별시 송파구 방이동 137-5 UNI park,37.5111,127.118,2025-08-28 08:49:25
114,https://www.peterpanz.com/house/17910904,월세,30000000,900000,50000.0,-,2025. 09. 29. 이후,가능,공동주택,빌라,29.01,2층/5층,2개/1개,분리형,북향,불가,-,2022.07.05,천장에어컨,"냉장고, 세탁기, 싱크대, 신발장, 인덕션레인지","현관보안, CCTV, 비디오폰","신축, 풀옵션, 엘리베이터",서울특별시 강북구 수유동 448-5,37.6355,127.016,2025-08-28 08:49:25
115,https://www.peterpanz.com/house/17911449,단기임대,4600000,4600000,150000.0,-,즉시입주 (협의가능),-,공동주택,,35.9,중층/27층,2개/1개,분리형,남향,가능,,2005.10.21,벽걸이에어컨,"냉장고, 세탁기, 싱크대, 옷장, 붙박이장, 침대, 신발장, 전자레인지, 가스레인지, 샤워부스, 욕조, 식탁, 소파, TV","현관보안, CCTV, 비디오폰, 카드키, 자체경비원","풀옵션, 엘리베이터, 주차가능",서울특별시 강남구 청담동 5-25 청담휴먼스타빌,37.5238,127.046,2025-08-28 08:49:25
116,https://www.peterpanz.com/house/17911656,월세,10000000,360000,20000.0,융자금 없음,즉시입주 (협의가능),가능,단독주택,단독,24.8,고층/1층,1개/1개,오픈형,동향,가능,-,1986.02.03,벽걸이에어컨,"냉장고, 세탁기, 싱크대, 신발장, 전자레인지, 가스레인지",-,주차가능,서울특별시 동대문구 전농동,37.5781,127.06,2025-08-28 08:49:25
117,https://www.peterpanz.com/house/17912295,월세,30000000,1480000,100000.0,-,즉시입주 (협의가능),-,공동주택,빌라,26.73,8층/9층,2개/1개,분리형,남향,가능,위반건축물 아님,2022.11.17,천장에어컨,"냉장고, 세탁기, 싱크대, 신발장, 인덕션레인지","현관보안, CCTV, 카드키","신축, 풀옵션, 큰길가, 엘리베이터, 반려동물, 주차가능",서울특별시 중랑구 면목동 633-12 KG TOWER,37.579,127.086,2025-08-28 08:49:25
118,https://www.peterpanz.com/house/17912533,전세,319000000,0,150000.0,융자금 없음,즉시입주,가능,업무시설,,36.14,12층/12층,1개/1개,오픈형,남향,가능,,2016.08.31,천장에어컨,"세탁기, 샤워부스, 비데, 붙박이장, 싱크대, 냉장고, 인덕션레인지, 식탁, 신발장, 옷장","카드키, 비디오폰, CCTV, 인터폰, 방범창, 자체경비원, 현관보안","엘리베이터, 전세자금대출, 주차가능",서울특별시 중구 순화동 217 덕수궁롯데캐슬,37.5636,126.97,2025-08-28 08:49:26
119,https://www.peterpanz.com/house/17912746,월세,100000000,500000,50000.0,융자금 없음,즉시입주 (협의가능),가능,단독주택,다가구,33.06,1층/4층,1개/1개,분리형,남향,불가,위반건축물 아님,2024.11.15,천장에어컨,"냉장고, 세탁기, 싱크대, 옷장, 붙박이장, 신발장, 인덕션레인지, 건조기","현관보안, 비디오폰, 카드키, 방범창","신축, 풀옵션",서울특별시 성동구 금호동3가 1246,37.5508,127.02,2025-08-28 08:49:26
120,https://www.peterpanz.com/house/17912775,월세,10000000,520000,50000.0,-,즉시입주 (협의가능),-,단독주택,다가구,19.96,2층/2층,1개/1개,오픈형,남향,가능,-,1993.12.30,벽걸이에어컨,"세탁기, 인덕션레인지, 냉장고, 싱크대","방범창, 현관보안","풀옵션, 주차가능",서울특별시 광진구 자양동 10-26,37.5398,127.066,2025-08-28 08:49:26
121,https://www.peterpanz.com/house/17912783,단기임대,1500000,1400000,100000.0,-,즉시입주,-,업무시설,,26.29,7층/18층,1개/1개,오픈형,남향,가능,,2023.08.22,천장에어컨,"냉장고, 세탁기, 싱크대, 책상, 옷장, 붙박이장, 침대, 신발장, 전자레인지, 가스레인지, 인덕션레인지, 가스오븐, 샤워부스, 식탁, 소파, TV","현관보안, CCTV, 인터폰, 비디오폰, 카드키, 방범창, 자체경비원","신축, 풀옵션, 큰길가, 엘리베이터, 반려동물, 주차가능",서울특별시 서초구 서초동 1339-4,37.4896,127.03,2025-08-28 08:49:26
122,https://www.peterpanz.com/house/17912801,단기임대,1000000,700000,70000.0,-,즉시입주,-,단독주택,다가구,26.45,2층/3층,1개/1개,오픈형,남향,불가,-,1996.03.28,벽걸이에어컨,"냉장고, 세탁기, 싱크대, 책상, 붙박이장, 침대, 신발장, 전자레인지, 인덕션레인지, TV","CCTV, 인터폰, 방범창",풀옵션,서울특별시 서초구 반포동 701-63,37.5093,127.018,2025-08-28 08:49:26
123,https://www.peterpanz.com/house/17913403,월세,10000000,580000,70000.0,-,2025. 08. 25. 이후,-,단독주택,단독,16.53,3층/4층,1개/1개,오픈형,북향,불가,-,2014.09.05,벽걸이에어컨,"냉장고, 세탁기, 싱크대, 옷장, 침대, 신발장, 가스레인지, 인덕션레인지","현관보안, CCTV","신축, 풀옵션, 큰길가",서울특별시 동대문구 휘경동,37.5874,127.056,2025-08-28 08:49:26
124,https://www.peterpanz.com/house/17913677,월세,100000000,160000,40000.0,-,즉시입주 (협의가능),-,공동주택,빌라,18.03,4층/5층,1개/1개,오픈형,동향,가능,-,2003.10.13,벽걸이에어컨,"냉장고, 세탁기, 싱크대, 가스레인지",-,"풀옵션, 큰길가, 주차가능",서울특별시 송파구 송파동 36-16,37.5096,127.107,2025-08-28 08:49:26
125,https://www.peterpanz.com/house/17913810,전세,270000000,0,,-,즉시입주,-,공동주택,빌라,29.96,중층/4층,2개/1개,분리형,남향,가능,-,2025.06.30,천장에어컨,"냉장고, 세탁기, 싱크대, 신발장, 인덕션레인지","현관보안, CCTV, 인터폰, 비디오폰, 카드키, 방범창","신축, 풀옵션, 큰길가, 엘리베이터, 전세자금대출, 주차가능",서울특별시 동대문구 용두동 39-413,37.5759,127.041,2025-08-28 08:49:26
126,https://www.peterpanz.com/house/17914137,월세,55000000,800000,100000.0,-,2025. 10. 28. 이후 (협의가능),가능,공동주택,빌라,21.57,3층/4층,1개/1개,분리형,북향,가능,위반건축물,2019.09.03,벽걸이에어컨,"냉장고, 세탁기, 인덕션레인지","현관보안, CCTV","풀옵션, 엘리베이터, 전세자금대출, 주차가능",서울특별시 송파구 석촌동 57-12,37.5047,127.101,2025-08-28 08:49:26
127,https://www.peterpanz.com/house/17914326,월세,50000000,600000,100000.0,시세 대비 30% 이상,2025. 09. 12. 이후 (협의가능),가능,단독주택,다가구,23.14,3층/4층,1개/1개,분리형,서향,불가,위반건축물 아님,2023.06.27,벽걸이에어컨,"냉장고, 세탁기, 싱크대, 옷장, 붙박이장, 침대, 신발장, 전자레인지, 인덕션레인지","현관보안, CCTV, 인터폰","신축, 풀옵션, 엘리베이터, 반려동물",서울특별시 중랑구 면목동 139-11,37.5881,127.083,2025-08-28 08:49:26
128,https://www.peterpanz.com/house/17914459,월세,100000000,1840000,150000.0,-,즉시입주,-,공동주택,,36.06,고층/8층,2개/1개,분리형,북향,불가,,2015.02.24,천장에어컨,"세탁기, 싱크대, 신발장, 인덕션레인지, 샤워부스, 비데","현관보안, CCTV, 인터폰, 비디오폰",,서울특별시 강남구 청담동 32 청담 아르지움,37.5198,127.048,2025-08-28 08:49:26
129,https://www.peterpanz.com/house/17914678,월세,50000000,1100000,50000.0,-,2025. 09. 26. 이후 (협의가능),가능,공동주택,빌라,35.11,5층/5층,2개/1개,분리형,동향,가능,-,2019.02.20,천장에어컨,"냉장고, 세탁기, 싱크대, 신발장, 인덕션레인지","현관보안, CCTV, 비디오폰","풀옵션, 엘리베이터, 주차가능",서울특별시 동작구 상도동 159-42,37.5007,126.949,2025-08-28 08:49:26
130,https://www.peterpanz.com/house/17914916,월세,20000000,1400000,110000.0,-,즉시입주,-,단독주택,빌라,39.67,3층/4층,1개/1개,분리형,북향,가능,-,2003.03.17,벽걸이에어컨,"냉장고, 세탁기, 싱크대, 가스레인지, TV",-,"반려동물, 주차가능",서울특별시 강남구 역삼동 725-48 데이지빌,37.4988,127.04,2025-08-28 08:49:26
131,https://www.peterpanz.com/house/17914981,월세,20000000,1500000,110000.0,-,즉시입주,-,단독주택,빌라,46.3,2층/4층,1개/1개,오픈형,남향,가능,-,2003.03.17,벽걸이에어컨,"냉장고, 세탁기, 싱크대, 붙박이장, 신발장, 가스레인지, TV",-,주차가능,서울특별시 강남구 역삼동 725-48 데이지빌,37.4988,127.04,2025-08-28 08:49:26
132,https://www.peterpanz.com/house/17915013,월세,10000000,1600000,140000.0,-,즉시입주,-,단독주택,빌라,46.28,4층/4층,1개/1개,분리형,남향,가능,-,2003.03.17,벽걸이에어컨,"냉장고, 세탁기, 침대, 전자레인지, 가스레인지, TV",CCTV,주차가능,서울특별시 강남구 역삼동 725-48 데이지빌,37.4988,127.04,2025-08-28 08:49:26
133,https://www.peterpanz.com/house/17915115,단기임대,1600000,1600000,70000.0,-,즉시입주,-,제2종 근린생활시설,빌라,39.67,고층/4층,1개/1개,분리형,북향,가능,-,1995.09.04,,,,"풀옵션, 주차가능",서울특별시 강남구 역삼동 704-18,37.5048,127.045,2025-08-28 08:49:26
134,https://www.peterpanz.com/house/17920931,단기임대,1500000,1000000,100000.0,융자금 없음,즉시입주,-,공동주택,빌라,28.12,1층/5층,1개/1개,분리형,남향,가능,-,2004.08.13,벽걸이에어컨,"냉장고, 세탁기, 싱크대, 책상, 옷장, 침대, 신발장, 전자레인지, 가스레인지, 샤워부스, 식탁, 소파, TV","현관보안, CCTV, 인터폰, 방범창","풀옵션, 주차가능",서울특별시 강남구 논현동 173-20,37.5091,127.03,2025-08-28 08:49:26
135,https://www.peterpanz.com/house/17921969,월세,150000000,900000,70000.0,-,즉시입주,가능,공동주택,빌라,46.44,5층/5층,2개/1개,"분리형, 복층",북향,가능,위반건축물 아님,2022.09.20,"벽걸이에어컨, 천장에어컨","냉장고, 싱크대, 책상, 붙박이장, 신발장, 인덕션레인지","현관보안, CCTV","큰길가, 엘리베이터, 반려동물, 전세자금대출, 주차가능",서울특별시 동대문구 장안동 455-13 동창주택,37.562,127.071,2025-08-28 08:49:26
136,https://www.peterpanz.com/house/17922295,월세,20000000,550000,150000.0,시세 대비 30% 미만,즉시입주,-,단독주택,원룸,19.84,3층/4층,1개/1개,오픈형,남향,불가,위반건축물 아님,1994.06.09,벽걸이에어컨,"냉장고, 세탁기, 싱크대, 책상, 옷장, 전자레인지, 인덕션레인지","현관보안, CCTV","풀옵션, 큰길가",서울특별시 동작구 상도1동 442-1,37.5032,126.952,2025-08-28 08:49:26
137,https://www.peterpanz.com/house/17922918,전세,300000000,0,,-,즉시입주 (협의가능),-,공동주택,빌라,26.7,3층/5층,2개/1개,분리형,북향,가능,-,2025.06.05,천장에어컨,"냉장고, 세탁기, 싱크대, 신발장, 인덕션레인지","현관보안, CCTV, 인터폰, 비디오폰, 카드키","신축, 풀옵션, 큰길가, 엘리베이터, 전세자금대출, 주차가능",서울특별시 마포구 도화동 2-36 공덕 더힐,37.5407,126.953,2025-08-28 08:49:26
138,https://www.peterpanz.com/house/17923048,월세,20000000,950000,90000.0,-,즉시입주 (협의가능),-,공동주택,빌라,12.93,11층/20층,1개/1개,오픈형,동향,가능,-,2025.07.18,천장에어컨,"냉장고, 세탁기, 싱크대, 신발장, 인덕션레인지","현관보안, CCTV, 인터폰, 비디오폰, 카드키, 방범창","신축, 풀옵션, 큰길가, 엘리베이터, 주차가능",서울특별시 강북구 수유동 47-23,37.6348,127.021,2025-08-28 08:49:26
139,https://www.peterpanz.com/house/17924679,월세,2500000,1900000,120000.0,-,즉시입주,가능,공동주택,,36.29,9층/15층,1개/1개,분리형,북향,가능,,2004.11.26,벽걸이에어컨,"냉장고, 세탁기, 싱크대, 붙박이장, 침대, 신발장, 가스레인지, 샤워부스, 소파, TV","현관보안, CCTV, 비디오폰, 자체경비원","풀옵션, 큰길가, 엘리베이터, 주차가능",서울특별시 강남구 논현동 58-2 마일스디오빌,37.5138,127.029,2025-08-28 08:49:26
140,https://www.peterpanz.com/house/17925720,월세,3000000,400000,100000.0,-,즉시입주 (협의가능),-,제2종 근린생활시설,원룸,19.84,1층/5층,1개/1개,오픈형,남향,불가,-,2003.05.13,벽걸이에어컨,"냉장고, 세탁기, 싱크대, 책상, 옷장, 침대, 인덕션레인지","현관보안, CCTV",,서울특별시 동작구 상도동 408-10,37.4942,126.958,2025-08-28 08:49:26
141,https://www.peterpanz.com/house/17926786,단기임대,1000000,1000000,100000.0,-,즉시입주,-,공동주택,빌라,23.94,3층/5층,1개/1개,분리형,남향,가능,-,2019.05.07,벽걸이에어컨,"냉장고, 세탁기, 싱크대, 책상, 옷장, 붙박이장, 침대, 신발장, 전자레인지, 인덕션레인지, 샤워부스, 비데, 건조기, 식탁, 소파, TV","현관보안, CCTV, 인터폰, 비디오폰, 카드키, 방범창, 사설경비","신축, 풀옵션, 큰길가, 엘리베이터, 반려동물, 주차가능",서울특별시 강남구 논현동 188-12,37.5073,127.029,2025-08-28 08:49:26
142,https://www.peterpanz.com/house/17926791,월세,40000000,450000,70000.0,시세 대비 30% 이상,2025. 09. 초순,가능,단독주택,다가구,19.8,6층/8층,1개/1개,오픈형,북향,가능,위반건축물 아님,2022.04.27,벽걸이에어컨,"냉장고, 세탁기, 싱크대, 옷장, 붙박이장, 신발장, 전자레인지, 인덕션레인지","현관보안, CCTV, 인터폰","신축, 풀옵션, 엘리베이터, 주차가능",서울특별시 중랑구 상봉동 103-24,37.5954,127.088,2025-08-28 08:49:26
143,https://www.peterpanz.com/house/17927629,월세,20000000,1300000,,-,즉시입주,가능,공동주택,원룸,17.84,6층/20층,1개/1개,"오픈형, 복층",남향,가능,위반건축물 아님,2025.07.14,스탠드에어컨,"냉장고, 세탁기, 싱크대, 붙박이장, 신발장, 인덕션레인지, 건조기","현관보안, CCTV, 비디오폰","신축, 풀옵션, 큰길가, 엘리베이터, 전세자금대출, 주차가능",서울특별시 강북구 수유동 47-23,37.6348,127.021,2025-08-28 08:49:26
144,https://www.peterpanz.com/house/17928841,월세,30000000,550000,100000.0,시세 대비 30% 미만,즉시입주 (협의가능),-,공동주택,빌라,26.45,3층/4층,1개/1개,분리형,남향,불가,-,2019.02.18,천장에어컨,"냉장고, 세탁기, 싱크대, 신발장, 인덕션레인지","현관보안, CCTV, 인터폰","풀옵션, 엘리베이터, 전세자금대출",서울특별시 관악구 봉천동 41-105 한가람타운,37.4886,126.953,2025-08-28 08:49:26
145,https://www.peterpanz.com/house/17929158,월세,30000000,1300000,110000.0,-,즉시입주 (협의가능),-,업무시설,,30.3,7층/9층,2개/1개,"분리형, 복층",남향,가능,,2024.03.18,천장에어컨,"냉장고, 붙박이장, 인덕션레인지","현관보안, CCTV","신축, 풀옵션, 엘리베이터, 반려동물, 주차가능",서울특별시 성북구 석관동 343-2,37.6097,127.055,2025-08-28 08:49:26
146,https://www.peterpanz.com/house/17930037,전세,120000000,0,80000.0,융자금 없음,즉시입주,가능,공동주택,원룸,14.45,2층/6층,1개/1개,오픈형,동향,불가,위반건축물 아님,2012.07.02,벽걸이에어컨,"냉장고, 세탁기, 싱크대, 옷장, 붙박이장, 신발장, 인덕션레인지","현관보안, CCTV, 인터폰, 비디오폰, 방범창","풀옵션, 큰길가, 엘리베이터, 전세자금대출",서울특별시 성북구 안암동1가 251,37.5875,127.021,2025-08-28 08:49:26
147,https://www.peterpanz.com/house/17930923,월세,20000000,450000,50000.0,-,2025. 09. 01. 이후,가능,제2종 근린생활시설,원룸,19.0,2층/4층,1개/1개,오픈형,동향,불가,위반건축물 아님,2011.08.23,,,,"풀옵션, 큰길가",서울특별시 성북구 동선동5가 70-43,37.5956,127.017,2025-08-28 08:49:26
148,https://www.peterpanz.com/house/17931736,전세,200000000,0,,-,즉시입주 (협의가능),가능,공동주택,원룸,20.41,4층/4층,1개/1개,분리형,북향,가능,위반건축물 아님,2025.04.07,천장에어컨,"냉장고, 세탁기, 싱크대, 인덕션레인지","현관보안, CCTV","신축, 풀옵션, 전세자금대출, 주차가능",서울특별시 마포구 도화동 234 Y.H빌리지1,37.5378,126.949,2025-08-28 08:49:26
149,https://www.peterpanz.com/house/17933857,단기임대,1500000,1200000,100000.0,융자금 없음,즉시입주,-,업무시설,,27.88,9층/12층,1개/1개,오픈형,동향,가능,,2003.10.20,벽걸이에어컨,"냉장고, 세탁기, 싱크대, 책상, 붙박이장, 침대, 신발장, 전자레인지, 가스레인지, 샤워부스, 식탁, 소파, TV","현관보안, CCTV, 비디오폰, 방범창, 자체경비원","풀옵션, 큰길가, 엘리베이터, 주차가능",서울특별시 강남구 삼성동 158-4 두산 위브센티움,37.5085,127.058,2025-08-28 08:49:26
150,https://www.peterpanz.com/house/17934008,월세,83000000,190000,100000.0,융자금 없음,2025. 09. 초순 (협의가능),-,공동주택,빌라,17.5,저층/6층,1개/1개,오픈형,북향,가능,-,2012.04.27,벽걸이에어컨,"냉장고, 세탁기, 싱크대, 붙박이장, 가스레인지","현관보안, CCTV, 인터폰, 비디오폰, 카드키, 자체경비원","풀옵션, 엘리베이터, 반려동물, 주차가능",서울특별시 강동구 길동 343-2 현대웰하임2단지,37.5412,127.146,2025-08-28 08:49:26
151,https://www.peterpanz.com/house/17934536,월세,10000000,450000,50000.0,융자금 없음,즉시입주,-,단독주택,단독,26.22,중층/4층,1개/1개,분리형,북향,불가,-,1995.10.16,-,싱크대,-,,서울특별시 마포구 공덕동,37.5495,126.963,2025-08-28 08:49:26
152,https://www.peterpanz.com/house/17935584,월세,50000000,1250000,100000.0,-,즉시입주 (협의가능),가능,공동주택,빌라,21.79,3층/5층,1개/1개,분리형,북향,불가,위반건축물 아님,2025.04.04,천장에어컨,"냉장고, 세탁기, 싱크대, 붙박이장, 신발장, 인덕션레인지","현관보안, CCTV, 비디오폰","신축, 풀옵션, 엘리베이터",서울특별시 송파구 잠실동 240-2,37.5075,127.087,2025-08-28 08:49:26
153,https://www.peterpanz.com/house/17940120,전세,200000000,0,120000.0,-,2025. 09. 초순 (협의가능),-,단독주택,다가구,33.0,2층/2층,1개/1개,분리형,북향,가능,위반건축물 아님,2011.02.08,천장에어컨,"세탁기, 싱크대, 전자레인지, 인덕션레인지",-,주차가능,서울특별시 서초구 서초동 1643-14,37.4913,127.019,2025-08-28 08:49:26
154,https://www.peterpanz.com/house/17940195,월세,20000000,560000,90000.0,-,즉시입주,가능,단독주택,원룸,20.0,2층/4층,1개/1개,오픈형,남향,불가,위반건축물 아님,2021.02.23,벽걸이에어컨,"냉장고, 세탁기, 싱크대, 책상, 옷장, 붙박이장, 침대, 신발장, 전자레인지, 인덕션레인지, 가스오븐","현관보안, CCTV, 인터폰","신축, 풀옵션",서울특별시 동대문구 이문동 334-71,37.5946,127.058,2025-08-28 08:49:26
155,https://www.peterpanz.com/house/17940447,전세,280690000,0,70000.0,융자금 없음,2025. 11. 08. 이후 (협의가능),가능,공동주택,빌라,26.18,4층/6층,2개/1개,오픈형,남향,가능,-,2017.09.07,스탠드에어컨,"냉장고, 세탁기, 싱크대, 신발장, 가스레인지",-,"풀옵션, 큰길가, 엘리베이터, 전세자금대출, 주차가능",서울특별시 용산구 청파동3가 118-79,37.5432,126.967,2025-08-28 08:49:26
156,https://www.peterpanz.com/house/17941621,월세,30000000,1400000,,-,즉시입주,가능,업무시설,,27.21,5층/14층,2개/1개,"분리형, 복층",북향,가능,,2025.04.14,천장에어컨,"냉장고, 세탁기, 싱크대, 신발장, 인덕션레인지, 샤워부스","현관보안, CCTV, 인터폰, 카드키","신축, 풀옵션, 큰길가, 엘리베이터, 반려동물, 주차가능",서울특별시 성북구 보문동2가 113,37.5848,127.019,2025-08-28 08:49:26
157,https://www.peterpanz.com/house/17941999,단기임대,800000,650000,100000.0,-,즉시입주,-,공동주택,원룸,33.99,1층/4층,1개/1개,오픈형,서향,불가,위반건축물 아님,2001.12.24,벽걸이에어컨,"냉장고, 세탁기, 싱크대, 붙박이장, 침대, 신발장, 인덕션레인지, 샤워부스, 식탁, TV",현관보안,풀옵션,서울특별시 강남구 역삼동 673-16,37.5043,127.04,2025-08-28 08:49:26
158,https://www.peterpanz.com/house/17942563,단기임대,500000,500000,100000.0,-,즉시입주,-,단독주택,다가구,24.79,4층/4층,1개/1개,오픈형,남향,불가,-,1984.09.13,벽걸이에어컨,"냉장고, 세탁기, 싱크대, 침대, 신발장, 전자레인지, 가스레인지, TV","현관보안, 인터폰","풀옵션, 큰길가",서울특별시 서초구 반포동 742-5,37.5039,127.02,2025-08-28 08:49:26
159,https://www.peterpanz.com/house/17942970,전세,213000000,0,100000.0,-,즉시입주 (협의가능),가능,공동주택,빌라,14.34,2층/5층,1개/1개,분리형,동향,가능,위반건축물 아님,2020.12.30,천장에어컨,"냉장고, 세탁기, 싱크대, 붙박이장, 신발장, 인덕션레인지","현관보안, CCTV, 비디오폰","풀옵션, 엘리베이터, 전세자금대출, 주차가능",서울특별시 송파구 석촌동 176-9 하우스리,37.5057,127.105,2025-08-28 08:49:26
160,https://www.peterpanz.com/house/17943361,월세,2000000,1450000,150000.0,융자금 없음,즉시입주,-,공동주택,빌라,42.45,중층/3층,2개/1개,분리형,동향,가능,-,1991.08.06,벽걸이에어컨,"냉장고, 세탁기, 싱크대, 옷장, 붙박이장, 침대, 신발장, 전자레인지, 인덕션레인지, 소파, TV","현관보안, CCTV, 인터폰, 비디오폰","신축, 풀옵션, 전세자금대출, 주차가능",서울특별시 강남구 논현동 173-4,37.5096,127.03,2025-08-28 08:49:26
161,https://www.peterpanz.com/house/17944160,단기임대,1500000,1100000,120000.0,시세 대비 30% 이상,2025. 09. 04. 이후 (협의가능),-,업무시설,,23.47,고층/23층,1개/1개,오픈형,북향,가능,,2016.09.09,천장에어컨,"냉장고, 세탁기, 싱크대, 붙박이장, 침대, 신발장, 전자레인지, 인덕션레인지, 샤워부스, 소파, TV","현관보안, CCTV, 비디오폰, 카드키, 자체경비원","풀옵션, 큰길가, 엘리베이터, 주차가능",서울특별시 동대문구 용두동 104-3 동대문 푸르지오시티,37.5778,127.033,2025-08-28 08:49:26
162,https://www.peterpanz.com/house/17944577,월세,1850000,1850000,150000.0,-,즉시입주,-,공동주택,빌라,27.93,고층/4층,2개/1개,분리형,북향,가능,-,2018.02.27,"벽걸이에어컨, 천장에어컨","냉장고, 세탁기, 싱크대, 옷장, 침대, 신발장, 전자레인지, 인덕션레인지, 소파, TV","현관보안, CCTV, 비디오폰","신축, 풀옵션, 큰길가, 엘리베이터, 반려동물, 주차가능",서울특별시 강남구 논현동 154-2 서진플로렌스힐탑,37.5108,127.03,2025-08-28 08:49:26
163,https://www.peterpanz.com/house/17944963,단기임대,1000000,700000,100000.0,-,즉시입주,-,단독주택,원룸,23.14,3층/4층,1개/1개,오픈형,서향,불가,위반건축물,2000.12.30,벽걸이에어컨,"냉장고, 세탁기, 싱크대, 옷장, 침대, 신발장, 전자레인지, 인덕션레인지, TV","현관보안, CCTV","풀옵션, 큰길가",서울특별시 강남구 역삼동 740-14,37.4976,127.035,2025-08-28 08:49:26
164,https://www.peterpanz.com/house/17945136,단기임대,900000,800000,100000.0,-,즉시입주,-,공동주택,빌라,12.9,3층/5층,1개/1개,"오픈형, 복층",남향,불가,위반건축물 아님,2012.10.05,벽걸이에어컨,"냉장고, 세탁기, 싱크대, 옷장, 침대, 신발장, 전자레인지, 인덕션레인지, 소파, TV",현관보안,"풀옵션, 엘리베이터",서울특별시 강남구 역삼동 695-19,37.507,127.045,2025-08-28 08:49:26
165,https://www.peterpanz.com/house/17945157,단기임대,700000,700000,100000.0,-,즉시입주,-,단독주택,다가구,23.14,1층/3층,1개/1개,오픈형,남향,불가,위반건축물 아님,1997.07.10,벽걸이에어컨,"냉장고, 세탁기, 싱크대, 붙박이장, 침대, 신발장, 인덕션레인지, TV","현관보안, CCTV, 인터폰","신축, 풀옵션, 큰길가",서울특별시 서초구 반포동 701-27,37.5092,127.018,2025-08-28 08:49:26
166,https://www.peterpanz.com/house/17945227,월세,30000000,1300000,60000.0,-,즉시입주,-,제1종 근린생활시설,빌라,42.0,고층/4층,2개/1개,오픈형,남향,불가,-,1996.09.14,벽걸이에어컨,"싱크대, 인덕션레인지",-,,서울특별시 강남구 논현동 212-18,37.5131,127.034,2025-08-28 08:49:26
167,https://www.peterpanz.com/house/17945262,월세,10000000,850000,150000.0,-,즉시입주,-,공동주택,빌라,31.2,중층/5층,1개/1개,오픈형,북향,불가,-,1996.07.18,벽걸이에어컨,"냉장고, 세탁기",-,,서울특별시 강남구 역삼동 817-28,37.5006,127.028,2025-08-28 08:49:26
168,https://www.peterpanz.com/house/17946021,전세,280000000,0,150000.0,융자금 없음,즉시입주 (협의가능),가능,공동주택,빌라,21.29,7층/9층,1개/1개,오픈형,서향,가능,위반건축물 아님,2018.10.12,천장에어컨,"냉장고, 세탁기, 싱크대, 붙박이장, 인덕션레인지",현관보안,"큰길가, 엘리베이터, 전세자금대출, 주차가능",서울특별시 강남구 청담동 76-12 라테라스 청담,37.5198,127.051,2025-08-28 08:49:26
169,https://www.peterpanz.com/house/17946118,월세,50000000,1410000,160000.0,-,즉시입주,가능,업무시설,,27.01,15층/16층,1개/1개,오픈형,동향,가능,,2021.07.30,천장에어컨,"냉장고, 세탁기, 싱크대, 붙박이장, 신발장, 인덕션레인지, 샤워부스","현관보안, CCTV, 비디오폰, 카드키","큰길가, 엘리베이터, 주차가능",서울특별시 서초구 서초동 1338-5 에피소드 서초393,37.49,127.03,2025-08-28 08:49:26
170,https://www.peterpanz.com/house/17946226,월세,10000000,900000,130000.0,-,즉시입주 (협의가능),-,업무시설,,24.66,중층/14층,1개/1개,오픈형,남향,불가,,2004.09.01,벽걸이에어컨,"냉장고, 세탁기, 싱크대, 붙박이장, 침대, 신발장, 가스레인지, 샤워부스","CCTV, 인터폰","큰길가, 엘리베이터",서울특별시 강남구 역삼동 824-13 예성Ⅰ라이프,37.4976,127.03,2025-08-28 08:49:26
171,https://www.peterpanz.com/house/17946995,전세,285000000,0,70000.0,융자금 없음,즉시입주 (협의가능),가능,공동주택,빌라,41.0,5층/5층,2개/1개,분리형,남향,가능,위반건축물 아님,2022.10.20,천장에어컨,"냉장고, 세탁기, 싱크대, 신발장, 인덕션레인지, 샤워부스","현관보안, CCTV, 인터폰, 비디오폰, 카드키, 방범창, 자체경비원, 사설경비","신축, 풀옵션, 큰길가, 엘리베이터, 반려동물, 전세자금대출, 주차가능",서울특별시 중랑구 망우동 240-3 렉스빌리지,37.6053,127.108,2025-08-28 08:49:26
172,https://www.peterpanz.com/house/17947513,단기임대,1570000,1570000,100000.0,-,즉시입주,-,공동주택,빌라,49.59,5층/6층,2개/1개,분리형,남향,가능,-,2001.12.31,"벽걸이에어컨, 스탠드에어컨","냉장고, 세탁기, 싱크대, 책상, 옷장, 붙박이장, 침대, 신발장, 전자레인지, 가스레인지, 비데, 식탁, 소파, TV","현관보안, CCTV, 인터폰","풀옵션, 큰길가, 엘리베이터, 반려동물, 주차가능",서울특별시 강남구 대치동 900-55,37.5034,127.054,2025-08-28 08:49:26
173,https://www.peterpanz.com/house/17947799,월세,20000000,850000,150000.0,-,즉시입주,-,제2종 근린생활시설,빌라,39.7,3층/5층,2개/1개,분리형,남향,불가,-,1993.11.18,벽걸이에어컨,싱크대,-,,서울특별시 강남구 논현동 148-9,37.511,127.028,2025-08-28 08:49:26
174,https://www.peterpanz.com/house/17947867,월세,30000000,750000,50000.0,-,즉시입주,가능,단독주택,빌라,33.06,2층/4층,2개/1개,분리형,동향,가능,위반건축물,2017.07.07,-,"싱크대, 신발장, 인덕션레인지",현관보안,"반려동물, 주차가능",서울특별시 강북구 수유동 286-32 아임파크,37.6456,127.015,2025-08-28 08:49:26
175,https://www.peterpanz.com/house/17947996,월세,10000000,670000,30000.0,융자금 없음,즉시입주,가능,단독주택,빌라,35.0,2층/4층,2개/1개,분리형,남향,불가,위반건축물 아님,1993.07.02,-,"싱크대, 신발장",-,큰길가,서울특별시 중랑구 면목동 89-66,37.5927,127.093,2025-08-28 08:49:26
176,https://www.peterpanz.com/house/17948067,전세,260000000,0,140000.0,융자금 없음,즉시입주,-,공동주택,빌라,29.96,5층/6층,2개/1개,분리형,남향,가능,-,2016.01.05,천장에어컨,"싱크대, 신발장, 인덕션레인지, 샤워부스","현관보안, CCTV, 인터폰, 비디오폰, 카드키, 방범창","풀옵션, 큰길가, 엘리베이터, 반려동물, 전세자금대출, 주차가능",서울특별시 강동구 천호동 39-9 미래위너스,37.5457,127.14,2025-08-28 08:49:26
177,https://www.peterpanz.com/house/17948381,월세,10000000,450000,,-,즉시입주,-,단독주택,원룸,26.45,1층/5층,1개/1개,오픈형,서향,불가,-,2018.10.17,벽걸이에어컨,"냉장고, 세탁기, 싱크대, 신발장, 인덕션레인지",비디오폰,,서울특별시 중랑구 묵동 187-6,37.6062,127.081,2025-08-28 08:49:26
178,https://www.peterpanz.com/house/17948396,단기임대,2000000,600000,0.0,융자금 없음,즉시입주,가능,공동주택,빌라,19.0,2층/2층,1개/1개,오픈형,동향,불가,-,1979.03,벽걸이에어컨,"식탁, 싱크대, 냉장고, 옷장, 샤워부스, 전자레인지, 인덕션레인지, 침대, 책상, 세탁기",카드키,풀옵션,서울특별시 강남구 대치동 980-13,37.5022,127.064,2025-08-28 08:49:26
179,https://www.peterpanz.com/house/17948698,월세,5000000,650000,80000.0,-,2025. 08. 27. 이후,가능,제2종 근린생활시설,원룸,16.53,4층/7층,1개/1개,오픈형,서향,불가,-,2017.06.16,벽걸이에어컨,"냉장고, 세탁기, 싱크대, 책상, 옷장, 신발장, 전자레인지, 인덕션레인지","현관보안, CCTV","풀옵션, 엘리베이터",서울특별시 광진구 화양동 17-31,37.5469,127.07,2025-08-28 08:49:26
180,https://www.peterpanz.com/house/17948856,단기임대,2000000,1500000,100000.0,-,즉시입주,불가능,업무시설,,33.54,4층/15층,1개/1개,오픈형,북향,가능,,2003.08.13,벽걸이에어컨,"냉장고, 세탁기, 싱크대, 붙박이장, 침대, 신발장, 인덕션레인지, 샤워부스, 식탁, 소파, TV","현관보안, CCTV, 인터폰, 비디오폰, 자체경비원","풀옵션, 큰길가, 엘리베이터, 주차가능",서울특별시 강남구 논현동 6-21 세양 APEX TOWER,37.5185,127.026,2025-08-28 08:49:26
181,https://www.peterpanz.com/house/17948984,월세,10000000,790000,90000.0,-,즉시입주,가능,업무시설,원룸,25.0,3층/7층,1개/1개,오픈형,북향,불가,위반건축물 아님,2001.05.09,벽걸이에어컨,"냉장고, 세탁기, 싱크대, 책상, 옷장, 붙박이장, 침대, 신발장, 전자레인지, 인덕션레인지","현관보안, CCTV, 인터폰","풀옵션, 큰길가, 엘리베이터",서울특별시 동대문구 이문동 291-28 우진빌딩,37.5989,127.061,2025-08-28 08:49:27
182,https://www.peterpanz.com/house/17949133,월세,30000000,350000,0.0,융자금 없음,즉시입주 (협의가능),가능,공동주택,다가구,33.06,2층/3층,2개/1개,분리형,동향,불가,-,1994,,,,,경기도 구리시 수택동 526-22,37.6004,127.143,2025-08-28 08:49:27
183,https://www.peterpanz.com/house/17949429,월세,30000000,500000,70000.0,-,2025. 09. 하순 (협의가능),가능,제2종 근린생활시설,다가구,16.89,4층/8층,1개/1개,오픈형,동향,가능,위반건축물 아님,2023.06.15,벽걸이에어컨,"냉장고, 세탁기, 싱크대, 옷장, 붙박이장, 신발장, 인덕션레인지, 샤워부스","현관보안, CCTV, 인터폰","신축, 풀옵션, 엘리베이터, 반려동물, 주차가능",서울특별시 중랑구 상봉동 104-37,37.5947,127.087,2025-08-28 08:49:27
184,https://www.peterpanz.com/house/17949986,전세,260000000,0,70000.0,-,즉시입주,가능,공동주택,빌라,23.82,3층/5층,2개/1개,분리형,동향,가능,위반건축물 아님,2025.07.01,천장에어컨,"냉장고, 세탁기, 싱크대, 신발장, 인덕션레인지","현관보안, CCTV, 비디오폰","신축, 풀옵션, 엘리베이터, 전세자금대출, 주차가능",서울특별시 광진구 자양동 610-16,37.5339,127.076,2025-08-28 08:49:27
185,https://www.peterpanz.com/house/17950451,월세,10000000,990000,120000.0,-,2025. 11. 24. 이후,가능,업무시설,,21.14,중층/21층,1개/1개,오픈형,남향,가능,,2022.07.04,천장에어컨,"냉장고, 세탁기, 싱크대, 옷장, 붙박이장, 신발장, 인덕션레인지, 샤워부스","현관보안, CCTV, 인터폰, 비디오폰, 카드키, 자체경비원","신축, 풀옵션, 큰길가, 엘리베이터, 주차가능",서울특별시 종로구 숭인동 1425,37.5728,127.022,2025-08-28 08:49:27
186,https://www.peterpanz.com/house/17950727,월세,185000000,190000,90000.0,-,2025. 10. 하순,가능,공동주택,빌라,14.84,6층/13층,2개/1개,분리형,동향,가능,-,2019.08,천장에어컨,"냉장고, 세탁기, 싱크대, 신발장, 인덕션레인지, 샤워부스",현관보안,"풀옵션, 큰길가, 엘리베이터, 주차가능",서울특별시 강동구 천호동 163-7 현일 디와이디,37.538,127.133,2025-08-28 08:49:27
187,https://www.peterpanz.com/house/17950774,월세,30000000,1900000,120000.0,-,즉시입주 (협의가능),-,공동주택,,42.17,11층/16층,2개/1개,분리형,북향,가능,,2023.06.13,천장에어컨,"냉장고, 세탁기, 싱크대, 신발장, 인덕션레인지","현관보안, CCTV, 비디오폰, 방범창","신축, 풀옵션, 엘리베이터, 주차가능",서울특별시 송파구 방이동 41-12,37.5167,127.112,2025-08-28 08:49:27
188,https://www.peterpanz.com/house/17951022,월세,10000000,1000000,130000.0,-,즉시입주,가능,공동주택,빌라,12.93,12층/20층,1개/1개,오픈형,동향,가능,-,2025.07.14,천장에어컨,"냉장고, 세탁기, 싱크대, 신발장, 인덕션레인지","현관보안, CCTV, 인터폰, 비디오폰, 카드키, 방범창","신축, 풀옵션, 큰길가, 엘리베이터, 주차가능",서울특별시 강북구 수유동 47-23,37.6348,127.021,2025-08-28 08:49:27
189,https://www.peterpanz.com/house/17951596,월세,30000000,500000,70000.0,-,즉시입주 (협의가능),가능,제2종 근린생활시설,빌라,16.89,4층/8층,1개/1개,오픈형,남향,가능,위반건축물 아님,2023.06.15,천장에어컨,"냉장고, 세탁기, 싱크대, 붙박이장, 신발장, 인덕션레인지","현관보안, CCTV, 인터폰, 비디오폰, 카드키, 방범창","풀옵션, 큰길가, 엘리베이터, 반려동물, 주차가능",서울특별시 중랑구 상봉동 104-37,37.5947,127.087,2025-08-28 08:49:27
190,https://www.peterpanz.com/house/17952488,월세,20000000,1000000,50000.0,-,즉시입주,가능,공동주택,빌라,41.2,2층/4층,2개/1개,분리형,동향,불가,위반건축물 아님,2021.09.23,천장에어컨,"싱크대, 인덕션레인지",현관보안,엘리베이터,서울특별시 강북구 미아동 791-1941 삼성빌리지,37.6223,127.016,2025-08-28 08:49:27
191,https://www.peterpanz.com/house/17953371,월세,5000000,650000,50000.0,융자금 없음,즉시입주,가능,단독주택,단독,30.0,반지층/3층,1개/1개,분리형,남향,불가,위반건축물 아님,1996.09.23,벽걸이에어컨,"냉장고, 세탁기, 싱크대, 신발장, 인덕션레인지","현관보안, CCTV, 인터폰, 카드키, 방범창",풀옵션,서울특별시 광진구 화양동,37.5449,127.067,2025-08-28 08:49:27
192,https://www.peterpanz.com/house/17954178,단기임대,1800000,1800000,100000.0,-,즉시입주,-,공동주택,빌라,27.09,고층/5층,2개/1개,분리형,북향,가능,-,2005.10.20,벽걸이에어컨,"냉장고, 세탁기, 싱크대, 책상, 옷장, 붙박이장, 침대, 신발장, 전자레인지, 인덕션레인지, 소파, TV","현관보안, CCTV, 인터폰, 비디오폰, 방범창, 사설경비","풀옵션, 엘리베이터, 주차가능",서울특별시 강남구 역삼동 637-16,37.5011,127.032,2025-08-28 08:49:27
193,https://www.peterpanz.com/house/17954386,월세,210000000,250000,70000.0,-,즉시입주,가능,공동주택,빌라,24.68,2층/5층,2개/1개,분리형,남향,가능,위반건축물 아님,2022.08.18,,,,"신축, 풀옵션, 큰길가, 엘리베이터, 반려동물, 주차가능",서울특별시 동대문구 답십리동 250-3 리베르떼 청량리1차,37.5718,127.057,2025-08-28 08:49:27
194,https://www.peterpanz.com/house/17954485,단기임대,1000000,870000,80000.0,-,즉시입주,-,공동주택,빌라,29.4,3층/5층,1개/1개,오픈형,북향,가능,-,2001.09.06,벽걸이에어컨,"냉장고, 세탁기, 싱크대, 책상, 붙박이장, 침대, 신발장, 전자레인지, 가스레인지, 샤워부스, 식탁, TV","현관보안, CCTV, 비디오폰, 방범창","풀옵션, 주차가능",서울특별시 강남구 역삼동 692-26,37.5073,127.044,2025-08-28 08:49:27
195,https://www.peterpanz.com/house/17954538,단기임대,2000000,1250000,130000.0,-,즉시입주,-,업무시설,,38.96,10층/17층,1개/1개,오픈형,남향,불가,,2004.05.25,벽걸이에어컨,"냉장고, 세탁기, 싱크대, 붙박이장, 침대, 신발장, 전자레인지, 가스레인지, 샤워부스, 식탁, 소파, TV","현관보안, CCTV, 비디오폰","풀옵션, 큰길가, 엘리베이터",서울특별시 강남구 역삼동 824-25 대우디오빌플러스,37.4976,127.031,2025-08-28 08:49:27
196,https://www.peterpanz.com/house/17954875,전세,297000000,0,120000.0,-,2025. 10. 17. 이후 (협의가능),가능,공동주택,빌라,26.48,5층/6층,2개/1개,분리형,북향,가능,위반건축물 아님,2017.08.10,천장에어컨,"냉장고, 세탁기, 신발장, 인덕션레인지","현관보안, 비디오폰","신축, 풀옵션, 엘리베이터, 전세자금대출, 주차가능",서울특별시 강남구 역삼동 698-26 더 원 스타빌,37.5058,127.044,2025-08-28 08:49:27
197,https://www.peterpanz.com/house/17954990,월세,30000000,1600000,300000.0,융자금 없음,즉시입주 (협의가능),가능,공동주택,,26.14,11층/13층,1개/1개,분리형,남향,가능,,2019.04.05,천장에어컨,"냉장고, 옷장, 세탁기, 인덕션레인지, 싱크대, 붙박이장, 신발장","CCTV, 인터폰","신축, 풀옵션, 큰길가, 엘리베이터, 반려동물, 주차가능",서울특별시 서초구 서초동 1327-19 J타워,37.495,127.028,2025-08-28 08:49:27
198,https://www.peterpanz.com/house/17955687,단기임대,1500000,1100000,100000.0,-,즉시입주,-,공동주택,빌라,33.81,3층/5층,1개/1개,오픈형,남향,가능,-,2004.01.29,벽걸이에어컨,"냉장고, 세탁기, 싱크대, 책상, 옷장, 침대, 신발장, 전자레인지, 가스레인지, TV","현관보안, CCTV, 인터폰, 비디오폰","풀옵션, 엘리베이터, 주차가능",서울특별시 강남구 대치동 954-10,37.5052,127.061,2025-08-28 08:49:27
199,https://www.peterpanz.com/house/17955814,전세,290000000,0,100000.0,시세 대비 30% 미만,2025. 08. 하순 (협의가능),가능,단독주택,다가구 (미등기),22.2,3층/6층,1개/1개,분리형,남향,가능,-,2025.08.30,천장에어컨,"세탁기, 싱크대, 신발장, 가스레인지","현관보안, CCTV, 인터폰, 비디오폰, 카드키","신축, 풀옵션, 큰길가, 엘리베이터, 전세자금대출, 주차가능",서울특별시 송파구 풍납동 338-8,37.5308,127.119,2025-08-28 08:49:27
200,https://www.peterpanz.com/house/17956144,단기임대,1000000,950000,100000.0,-,즉시입주,-,공동주택,원룸,19.01,3층/6층,1개/1개,"오픈형, 복층",북향,불가,위반건축물 아님,2004.06.25,벽걸이에어컨,"냉장고, 세탁기, 싱크대, 붙박이장, 침대, 신발장, 전자레인지, 인덕션레인지, 소파, TV",현관보안,"풀옵션, 엘리베이터",서울특별시 강남구 논현동 13-20,37.5163,127.023,2025-08-28 08:49:27
201,https://www.peterpanz.com/house/17957334,월세,100000000,500000,,-,즉시입주,-,공동주택,빌라,15.66,4층/5층,1개/1개,오픈형,남향,가능,-,2025.02.06,천장에어컨,"냉장고, 세탁기, 싱크대, 신발장, 인덕션레인지","현관보안, CCTV, 인터폰, 비디오폰, 카드키, 방범창","신축, 풀옵션, 큰길가, 엘리베이터, 전세자금대출, 주차가능",서울특별시 용산구 청파동2가 8-1 행복인,37.5468,126.967,2025-08-28 08:49:27
202,https://www.peterpanz.com/house/17959455,월세,10000000,750000,100000.0,-,즉시입주,가능,단독주택,단독,25.38,3층/3층,1개/1개,오픈형,남향,가능,-,1995.09.25,,,,"풀옵션, 주차가능",서울특별시 송파구 잠실동,37.506,127.086,2025-08-28 08:49:27
203,https://www.peterpanz.com/house/17959782,월세,50000000,1400000,60000.0,-,즉시입주,-,공동주택,빌라,23.08,3층/7층,2개/1개,분리형,동향,불가,-,2019.08.16,천장에어컨,"냉장고, 세탁기, 싱크대, 신발장, 인덕션레인지",-,,서울특별시 광진구 자양동 227-144,37.537,127.076,2025-08-28 08:49:27
204,https://www.peterpanz.com/house/17960299,월세,30000000,1600000,70000.0,-,즉시입주,가능,제1종 근린생활시설,빌라,44.83,3층/8층,2개/1개,분리형,남향,가능,-,2025.01.17,천장에어컨,"냉장고, 세탁기, 싱크대, 신발장, 인덕션레인지, 샤워부스","현관보안, CCTV, 인터폰, 비디오폰, 카드키","신축, 풀옵션, 큰길가, 엘리베이터, 반려동물, 주차가능",서울특별시 송파구 거여동 563-2,37.4931,127.143,2025-08-28 08:49:27
205,https://www.peterpanz.com/house/17960877,월세,10000000,600000,60000.0,-,즉시입주 (협의가능),-,단독주택,빌라,23.33,저층/2층,1개/1개,오픈형,남향,불가,-,1996.07.22,-,"냉장고, 세탁기, 싱크대, 옷장, 침대, 신발장, 인덕션레인지","현관보안, CCTV, 방범창",풀옵션,서울특별시 서초구 잠원동 10-30 리오하우스,37.5164,127.017,2025-08-28 08:49:27
206,https://www.peterpanz.com/house/17960933,월세,5000000,450000,80000.0,-,즉시입주 (협의가능),가능,제2종 근린생활시설,원룸,19.84,2층/2층,1개/1개,오픈형,북향,불가,위반건축물 아님,1964.05.15,벽걸이에어컨,"냉장고, 세탁기, 싱크대, 책상, 옷장, 침대, 신발장, 전자레인지, 인덕션레인지","현관보안, CCTV",풀옵션,서울특별시 동작구 노량진동 119-148,37.5119,126.945,2025-08-28 08:49:27
207,https://www.peterpanz.com/house/17961670,단기임대,1000000,800000,100000.0,-,즉시입주,-,공동주택,빌라,35.0,3층/3층,1개/1개,분리형,남향,불가,-,2017.12.22,벽걸이에어컨,"냉장고, 세탁기, 싱크대, 붙박이장, 침대, 신발장, 전자레인지, 인덕션레인지, 소파, TV","현관보안, CCTV, 비디오폰",풀옵션,서울특별시 서초구 반포동 739-10,37.5052,127.022,2025-08-28 08:49:27
208,https://www.peterpanz.com/house/17961706,단기임대,1100000,1000000,100000.0,-,즉시입주,-,제2종 근린생활시설,빌라,18.03,4층/5층,1개/1개,분리형,남향,가능,-,2016.07.28,천장에어컨,"냉장고, 세탁기, 싱크대, 붙박이장, 침대, 신발장, 전자레인지, 인덕션레인지, 소파, TV","현관보안, CCTV, 인터폰","신축, 풀옵션, 큰길가, 엘리베이터, 반려동물, 주차가능",서울특별시 강남구 논현동 189,37.5072,127.03,2025-08-28 08:49:27
209,https://www.peterpanz.com/house/17961743,월세,30000000,1000000,70000.0,융자금 없음,즉시입주 (협의가능),가능,공동주택,빌라,45.62,1층/5층,1개/1개,분리형,서향,가능,-,2017,벽걸이에어컨,"싱크대, 세탁기, 냉장고, 인덕션레인지, 신발장, 옷장","비디오폰, CCTV, 방범창, 현관보안","풀옵션, 주차가능",서울특별시 강동구 천호동 337-85,37.5434,127.121,2025-08-28 08:49:27
210,https://www.peterpanz.com/house/17963717,단기임대,800000,750000,50000.0,-,즉시입주,-,공동주택,빌라,21.84,3층/5층,1개/1개,오픈형,남향,가능,-,2010.09.14,벽걸이에어컨,"냉장고, 세탁기, 싱크대, 책상, 침대, 신발장, 전자레인지, 인덕션레인지, 식탁, TV","현관보안, CCTV","풀옵션, 큰길가, 엘리베이터, 주차가능",서울특별시 강남구 대치동 901-76 비전라이프,37.5033,127.056,2025-08-28 08:49:27
211,https://www.peterpanz.com/house/17963768,단기임대,2000000,1400000,100000.0,-,즉시입주,-,공동주택,빌라,22.31,6층/7층,1개/1개,분리형,남향,가능,-,2020.03.11,-,"냉장고, 세탁기, 싱크대, 책상, 옷장, 붙박이장, 침대, 신발장, 전자레인지, 인덕션레인지, 샤워부스, 식탁, 소파, TV",-,"신축, 풀옵션, 큰길가, 엘리베이터, 반려동물, 주차가능",서울특별시 강남구 역삼동 840-5,37.4913,127.036,2025-08-28 08:49:27
212,https://www.peterpanz.com/house/17964052,월세,10000000,650000,80000.0,-,즉시입주 (협의가능),가능,단독주택,빌라,22.0,2층/5층,1개/1개,오픈형,북향,가능,위반건축물 아님,2018.10.29,벽걸이에어컨,"인덕션레인지, 샤워부스, 세탁기, 냉장고, 신발장, 싱크대","인터폰, 현관보안, 사설경비","엘리베이터, 주차가능",서울특별시 동대문구 전농동 213-26,37.5797,127.053,2025-08-28 08:49:27
213,https://www.peterpanz.com/house/17964464,월세,7000000,630000,90000.0,-,즉시입주,-,제2종 근린생활시설,원룸,19.84,2층/4층,1개/1개,오픈형,서향,불가,-,2009.10.28,벽걸이에어컨,"냉장고, 세탁기, 싱크대, 책상, 옷장, 침대, 신발장, 전자레인지, 인덕션레인지",-,풀옵션,서울특별시 동대문구 휘경동 183-310,37.592,127.059,2025-08-28 08:49:27
214,https://www.peterpanz.com/house/17964588,전세,210000000,0,150000.0,-,즉시입주 (협의가능),-,업무시설,,27.45,저층/23층,1개/1개,오픈형,동향,가능,,2004.07.29,벽걸이에어컨,"냉장고, 세탁기, 싱크대, 옷장, 붙박이장, 신발장","현관보안, CCTV, 인터폰, 비디오폰, 카드키, 자체경비원","엘리베이터, 주차가능",서울시 강남구 대치동 943-24 신안메트로칸,37.5069,127.06,2025-08-28 08:49:27
215,https://www.peterpanz.com/house/17965201,단기임대,1200000,1000000,100000.0,-,즉시입주,-,업무시설,,21.26,6층/14층,1개/1개,오픈형,남향,가능,,2014.04.30,벽걸이에어컨,"냉장고, 세탁기, 싱크대, 붙박이장, 침대, 신발장, 전자레인지, 인덕션레인지, 샤워부스, TV","현관보안, CCTV, 비디오폰","신축, 풀옵션, 큰길가, 엘리베이터, 주차가능",서울특별시 강남구 역삼동 703-6 K타워 오피스텔,37.5045,127.044,2025-08-28 08:49:27
216,https://www.peterpanz.com/house/17965325,월세,5000000,450000,80000.0,시세 대비 30% 미만,2025. 09. 15. 이후,불가능,제2종 근린생활시설,빌라,31.58,1층/5층,1개/1개,오픈형,동향,불가,-,2018.03.30,벽걸이에어컨,"냉장고, 세탁기, 싱크대, 책상, 붙박이장, 인덕션레인지","현관보안, CCTV, 인터폰, 비디오폰","신축, 풀옵션, 큰길가, 엘리베이터",서울특별시 광진구 군자동 358-3,37.5494,127.07,2025-08-28 08:49:27
217,https://www.peterpanz.com/house/17965443,단기임대,1000000,850000,70000.0,-,즉시입주,-,공동주택,원룸,29.15,1층/2층,1개/1개,오픈형,남향,가능,위반건축물 아님,2002.10.18,벽걸이에어컨,"냉장고, 세탁기, 싱크대, 옷장, 침대, 신발장, 전자레인지, 가스레인지, 샤워부스, 식탁, TV","현관보안, CCTV, 비디오폰","풀옵션, 큰길가, 주차가능",서울특별시 강남구 역삼동 621-37,37.5022,127.029,2025-08-28 08:49:27
218,https://www.peterpanz.com/house/17965522,단기임대,2000000,1800000,120000.0,-,즉시입주,-,공동주택,빌라,29.9,1층/5층,1개/1개,오픈형,남향,가능,위반건축물 아님,2008.06.12,벽걸이에어컨,"냉장고, 세탁기, 싱크대, 책상, 옷장, 침대, 전자레인지, 샤워부스, 식탁, 소파, TV","현관보안, CCTV, 비디오폰","신축, 풀옵션, 큰길가, 엘리베이터, 주차가능",서울특별시 강남구 논현동 251-7 노브2,37.5136,127.038,2025-08-28 08:49:27
219,https://www.peterpanz.com/house/17965638,월세,10000000,860000,120000.0,-,2025. 08. 하순,가능,단독주택,원룸,23.1,2층/4층,1개/1개,오픈형,서향,불가,위반건축물 아님,2022.07.15,벽걸이에어컨,"냉장고, 세탁기, 싱크대, 책상, 옷장, 침대, 인덕션레인지","현관보안, CCTV","신축, 풀옵션, 엘리베이터",서울특별시 동대문구 회기동 42-65,37.5923,127.051,2025-08-28 08:49:27
220,https://www.peterpanz.com/house/17965808,단기임대,1500000,1000000,90000.0,-,즉시입주,-,공동주택,빌라,16.94,고층/10층,1개/1개,오픈형,남향,가능,-,2019.09.20,천장에어컨,"냉장고, 세탁기, 싱크대, 붙박이장, 신발장, 전자레인지, 인덕션레인지, 샤워부스, 식탁, TV","현관보안, CCTV, 인터폰, 비디오폰, 방범창",주차가능,서울특별시 중랑구 상봉동 102-7 동인씨엘로 103동,37.5957,127.087,2025-08-28 08:49:27
221,https://www.peterpanz.com/house/17966919,월세,50000000,900000,30000.0,-,2025. 09. 30. 이후,가능,단독주택,다가구,39.85,3층/5층,2개/1개,분리형,서향,가능,위반건축물,2011.10.24,-,"싱크대, 가스레인지",-,주차가능,서울특별시 광진구 구의동 64-13,37.5473,127.09,2025-08-28 08:49:27
222,https://www.peterpanz.com/house/17967042,월세,5000000,320000,80000.0,-,즉시입주,-,단독주택,원룸,19.84,2층/3층,1개/1개,오픈형,남향,불가,-,2011.05.23,벽걸이에어컨,"냉장고, 세탁기, 싱크대, 책상, 옷장, 붙박이장, 신발장, 전자레인지, 인덕션레인지","현관보안, CCTV, 인터폰, 비디오폰, 카드키, 방범창","신축, 풀옵션, 큰길가",서울특별시 관악구 봉천동 41-204 송안빌,37.487,126.954,2025-08-28 08:49:27
223,https://www.peterpanz.com/house/17967043,전세,250000000,0,80000.0,융자금 없음,2025. 09. 20. 이후 (협의가능),가능,단독주택,단독,42.98,3층/5층,2개/1개,분리형,남향,가능,-,2017.02,벽걸이에어컨,"싱크대, 신발장, 가스레인지","현관보안, CCTV, 인터폰","엘리베이터, 주차가능",서울특별시 광진구 구의동,37.54,127.089,2025-08-28 08:49:27
224,https://www.peterpanz.com/house/17967800,월세,5000000,600000,80000.0,융자금 없음,즉시입주,가능,업무시설,,19.6,5층/17층,1개/1개,오픈형,서향,가능,,1987.11.04,벽걸이에어컨,"냉장고, 세탁기, 싱크대, 붙박이장, 인덕션레인지, 샤워부스","현관보안, CCTV, 방범창, 자체경비원","풀옵션, 큰길가, 엘리베이터, 주차가능",서울시 마포구 아현동 437-3 고려아카데미텔,37.5513,126.956,2025-08-28 08:49:27
225,https://www.peterpanz.com/house/17968689,월세,20000000,1400000,250000.0,-,즉시입주 (협의가능),가능,공동주택,빌라,35.8,4층/5층,1개/1개,분리형,남향,가능,위반건축물 아님,2013.03.14,천장에어컨,"세탁기, 싱크대, 옷장, 붙박이장, 신발장, 인덕션레인지, 샤워부스","현관보안, CCTV, 인터폰, 비디오폰, 방범창","큰길가, 엘리베이터, 주차가능",서울특별시 강남구 논현동 271-9,37.5111,127.041,2025-08-28 08:49:27
226,https://www.peterpanz.com/house/17968733,월세,50000000,900000,50000.0,-,즉시입주,-,단독주택,상가주택,23.3,2층/3층,1개/1개,오픈형,남향,불가,-,2018.11.01,벽걸이에어컨,"냉장고, 세탁기, 옷장, 신발장, 인덕션레인지",현관보안,"풀옵션, 반려동물",서울특별시 중랑구 묵동 159-24,37.6174,127.079,2025-08-28 08:49:27
227,https://www.peterpanz.com/house/17969613,월세,5000000,600000,0.0,융자금 없음,2025. 09. 초순 (협의가능),-,공동주택,다가구,42.98,2층/3층,1개/1개,분리형,남향,불가,-,1994.10,벽걸이에어컨,"냉장고, 세탁기, 싱크대, 가스레인지","방범창, 현관보안",,서울특별시 광진구 군자동 349-15,37.551,127.07,2025-08-28 08:49:27
228,https://www.peterpanz.com/house/17969638,단기임대,1400000,1400000,100000.0,-,즉시입주 (협의가능),-,단독주택,빌라,35.01,저층/15층,1개/1개,분리형,남향,가능,위반건축물 아님,1997.06.25,벽걸이에어컨,"냉장고, 세탁기, 싱크대, 침대, 전자레인지, 가스레인지, 샤워부스, 소파, TV",CCTV,주차가능,서울특별시 강남구 역삼동 683-37,37.5086,127.044,2025-08-28 08:49:27
229,https://www.peterpanz.com/house/17969824,단기임대,2000000,800000,100000.0,-,즉시입주,-,공동주택,빌라,33.06,2층/4층,1개/1개,오픈형,남향,가능,-,2001.01.22,벽걸이에어컨,"냉장고, 세탁기, 싱크대, 책상, 옷장, 침대, 신발장, 전자레인지, 인덕션레인지, 샤워부스, 식탁, 소파, TV","현관보안, CCTV, 비디오폰, 방범창","풀옵션, 주차가능",서울특별시 강남구 역삼동 695-14,37.5064,127.046,2025-08-28 08:49:27
230,https://www.peterpanz.com/house/17969993,월세,10000000,600000,50000.0,시세 대비 30% 미만,즉시입주,가능,공동주택,원룸,21.0,2층/4층,1개/1개,오픈형,북향,불가,-,1990.09.07,벽걸이에어컨,"냉장고, 세탁기, 싱크대, 인덕션레인지",현관보안,풀옵션,서울특별시 송파구 가락동 12-6,37.5014,127.126,2025-08-28 08:49:27
231,https://www.peterpanz.com/house/17970790,월세,104500000,140000,90000.0,융자금 없음,2025. 08. 01. 이후 (협의가능),-,공동주택,빌라,16.95,9층/15층,1개/1개,오픈형,서향,가능,-,2012.04.27,벽걸이에어컨,"냉장고, 세탁기, 싱크대, 붙박이장, 가스레인지","현관보안, CCTV, 인터폰, 비디오폰, 카드키, 자체경비원","풀옵션, 엘리베이터, 반려동물, 전세자금대출, 주차가능",서울특별시 강동구 길동 343-1 현대웰하임1단지,37.5411,127.146,2025-08-28 08:49:27
232,https://www.peterpanz.com/house/17971139,전세,230000000,0,90000.0,-,2025. 10. 하순 (협의가능),가능,공동주택,빌라,25.61,2층/5층,1개/1개,분리형,동향,가능,위반건축물 아님,2020.10.26,벽걸이에어컨,"냉장고, 세탁기, 싱크대, 인덕션레인지","현관보안, CCTV","신축, 풀옵션, 큰길가, 엘리베이터, 전세자금대출, 주차가능",서울특별시 송파구 송파동 144-6 선인빌,37.5079,127.115,2025-08-28 08:49:27
233,https://www.peterpanz.com/house/17971373,단기임대,1200000,1200000,100000.0,-,즉시입주,-,업무시설,,18.37,3층/16층,1개/1개,오픈형,남향,가능,,2019.12.02,천장에어컨,"냉장고, 세탁기, 싱크대, 책상, 옷장, 붙박이장, 침대, 신발장, 전자레인지, 인덕션레인지, 샤워부스, 건조기, 식탁, 소파, TV","현관보안, CCTV, 인터폰, 비디오폰, 카드키","신축, 풀옵션, 큰길가, 엘리베이터, 반려동물, 주차가능",서울특별시 강남구 삼성동 157-14,37.5086,127.057,2025-08-28 08:49:27
234,https://www.peterpanz.com/house/17971474,단기임대,800000,800000,100000.0,-,즉시입주,-,공동주택,빌라,14.12,4층/7층,1개/1개,오픈형,서향,가능,-,2013.08.09,벽걸이에어컨,"냉장고, 세탁기, 싱크대, 책상, 옷장, 붙박이장, 침대, 신발장, 인덕션레인지, 샤워부스, 식탁, 소파, TV","현관보안, CCTV, 인터폰, 비디오폰, 카드키","신축, 풀옵션, 큰길가, 엘리베이터, 주차가능",서울특별시 강남구 역삼동 689-27,37.5063,127.042,2025-08-28 08:49:27
235,https://www.peterpanz.com/house/17971491,월세,3000000,500000,0.0,-,즉시입주,가능,제2종 근린생활시설,상가주택,39.67,3층/4층,1개/1개,오픈형,남향,불가,-,2000,벽걸이에어컨,"가스레인지, 신발장, 냉장고, 싱크대",카드키,큰길가,서울특별시 성북구 종암동 3-697,37.6025,127.033,2025-08-28 08:49:27
236,https://www.peterpanz.com/house/17971992,전세,440000000,0,70000.0,-,즉시입주 (협의가능),-,공동주택,빌라,27.62,3층/4층,2개/1개,분리형,남향,불가,-,2022.01.18,천장에어컨,"냉장고, 세탁기, 싱크대, 옷장, 붙박이장, 신발장, 인덕션레인지, 비데, 건조기","현관보안, CCTV, 인터폰, 비디오폰, 카드키, 방범창, 사설경비","신축, 풀옵션, 큰길가, 엘리베이터, 반려동물, 전세자금대출",서울특별시 용산구 한남동 732-171,37.5342,126.999,2025-08-28 08:49:27
237,https://www.peterpanz.com/house/17972215,전세,275000000,0,70000.0,-,즉시입주,가능,공동주택,빌라,39.31,4층/5층,2개/1개,분리형,남향,가능,위반건축물 아님,2018.07.20,천장에어컨,"냉장고, 세탁기, 싱크대, 인덕션레인지, 건조기",-,"풀옵션, 큰길가, 엘리베이터, 반려동물, 전세자금대출, 주차가능",서울특별시 노원구 공릉동 218 퍼즐주택(공릉),37.6269,127.08,2025-08-28 08:49:27
238,https://www.peterpanz.com/house/17972663,단기임대,2000000,1250000,100000.0,-,즉시입주,-,업무시설,,16.01,14층/15층,1개/1개,"분리형, 복층",남향,가능,,2021.05.18,천장에어컨,"냉장고, 세탁기, 싱크대, 붙박이장, 침대, 신발장, 전자레인지, 인덕션레인지, 샤워부스, 소파, TV","현관보안, CCTV","신축, 풀옵션, 큰길가, 엘리베이터, 주차가능",서울특별시 송파구 방이동 49-9,37.5157,127.114,2025-08-28 08:49:27
239,https://www.peterpanz.com/house/17972842,전세,260000000,0,80000.0,-,즉시입주,-,공동주택,빌라,24.01,6층/6층,2개/1개,분리형,남향,가능,-,2025.03.14,천장에어컨,"냉장고, 세탁기, 싱크대, 신발장, 인덕션레인지","현관보안, CCTV, 인터폰, 비디오폰","신축, 풀옵션, 큰길가, 엘리베이터, 전세자금대출, 주차가능",서울특별시 동작구 노량진동 205-68,37.5118,126.947,2025-08-28 08:49:27
240,https://www.peterpanz.com/house/17972892,전세,260000000,0,70000.0,-,즉시입주 (협의가능),가능,공동주택,빌라,27.72,4층/5층,1개/1개,분리형,서향,가능,위반건축물 아님,2025.07.21,천장에어컨,"냉장고, 세탁기, 싱크대, 신발장, 인덕션레인지","현관보안, CCTV, 인터폰, 비디오폰, 방범창","신축, 풀옵션, 큰길가, 엘리베이터, 전세자금대출, 주차가능",서울특별시 광진구 자양동 603-22,37.5319,127.077,2025-08-28 08:49:27
241,https://www.peterpanz.com/house/17973123,월세,10000000,650000,20000.0,융자금 없음,2025. 09. 29. 이후 (협의가능),가능,단독주택,원룸,26.45,2층/4층,1개/1개,오픈형,북향,불가,위반건축물 아님,1996.07.13,벽걸이에어컨,"냉장고, 세탁기, 싱크대, 신발장, 가스레인지",-,,서울특별시 광진구 구의동 225-37,37.5419,127.089,2025-08-28 08:49:27
242,https://www.peterpanz.com/house/17973865,단기임대,1700000,1660000,100000.0,-,즉시입주 (협의가능),-,공동주택,,18.62,중층/9층,1개/1개,오픈형,남향,가능,,2018.10.12,천장에어컨,"냉장고, 세탁기, 싱크대, 침대, 전자레인지, 인덕션레인지, 샤워부스, 소파, TV",-,"풀옵션, 엘리베이터, 주차가능",서울특별시 강남구 청담동 76-12 라테라스 청담,37.5197,127.051,2025-08-28 08:49:27
243,https://www.peterpanz.com/house/17974200,월세,140000000,300000,80000.0,융자금 없음,2025. 09. 30. 이후 (협의가능),가능,공동주택,빌라,14.73,4층/12층,1개/1개,분리형,동향,가능,위반건축물 아님,2019.04.01,천장에어컨,"냉장고, 세탁기, 싱크대, 책상, 붙박이장, 신발장, 인덕션레인지","현관보안, CCTV, 비디오폰","풀옵션, 큰길가, 엘리베이터, 전세자금대출, 주차가능",서울특별시 중랑구 상봉동 108-3 대성타워,37.5938,127.086,2025-08-28 08:49:27
244,https://www.peterpanz.com/house/17974298,월세,10000000,830000,100000.0,-,즉시입주 (협의가능),-,업무시설,,23.68,고층/9층,1개/1개,오픈형,동향,가능,,2004.04.06,벽걸이에어컨,"냉장고, 세탁기, 싱크대, 옷장, 붙박이장, 신발장, 가스레인지, 인덕션레인지, 샤워부스","현관보안, CCTV, 인터폰, 비디오폰","큰길가, 엘리베이터, 주차가능",서울특별시 강남구 역삼동 830-41 네스빌,37.4953,127.033,2025-08-28 08:49:27
245,https://www.peterpanz.com/house/17974406,전세,150000000,0,90000.0,-,즉시입주 (협의가능),-,단독주택,단독,29.75,중층/4층,2개/1개,분리형,남향,가능,-,2019.01.22,벽걸이에어컨,"냉장고, 세탁기, 싱크대, 책상, 옷장, 전자레인지, 가스레인지","현관보안, 비디오폰, 방범창","풀옵션, 전세자금대출, 주차가능",서울특별시 동작구 상도1동 428-9 네오스튜디오,37.5021,126.951,2025-08-28 08:49:27
246,https://www.peterpanz.com/house/17974407,월세,10000000,850000,100000.0,-,즉시입주 (협의가능),-,업무시설,,28.12,저층/15층,1개/1개,오픈형,남향,가능,,2004.10.22,벽걸이에어컨,"냉장고, 세탁기, 싱크대, 옷장, 붙박이장, 신발장, 가스레인지, 인덕션레인지, 샤워부스","현관보안, CCTV, 인터폰, 비디오폰","큰길가, 엘리베이터, 주차가능",서울특별시 강남구 역삼동 831-40 역삼SK허브블루,37.4941,127.031,2025-08-28 08:49:27
247,https://www.peterpanz.com/house/17974411,월세,10000000,700000,80000.0,-,즉시입주 (협의가능),-,제2종 근린생활시설,원룸,22.0,1층/4층,1개/1개,오픈형,북향,불가,-,2019.12.30,벽걸이에어컨,"냉장고, 세탁기, 싱크대, 붙박이장, 신발장, 인덕션레인지","현관보안, CCTV, 인터폰, 비디오폰",,서울특별시 성동구 송정동 66-18,37.5496,127.065,2025-08-28 08:49:27
248,https://www.peterpanz.com/house/17975501,단기임대,1000000,800000,100000.0,시세 대비 30% 미만,즉시입주,-,공동주택,빌라,31.41,2층/4층,1개/1개,분리형,동향,불가,-,1997.05.09,벽걸이에어컨,"냉장고, 세탁기, 싱크대, 책상, 붙박이장, 침대, 신발장, 가스레인지, 샤워부스, 식탁, 소파, TV","현관보안, CCTV, 인터폰, 방범창","풀옵션, 큰길가",서울특별시 강남구 역삼동 663-29,37.5058,127.04,2025-08-28 08:49:27
249,https://www.peterpanz.com/house/17975634,단기임대,1500000,1100000,100000.0,융자금 없음,즉시입주,-,공동주택,빌라,33.36,6층/6층,1개/1개,분리형,동향,가능,-,2001.03.29,벽걸이에어컨,"냉장고, 세탁기, 싱크대, 책상, 붙박이장, 침대, 신발장, 전자레인지, 인덕션레인지, 샤워부스, 식탁, 소파, TV","현관보안, CCTV, 비디오폰, 방범창, 자체경비원","신축, 풀옵션, 큰길가, 엘리베이터, 주차가능",서울특별시 강남구 역삼동 798-12,37.4929,127.04,2025-08-28 08:49:27
250,https://www.peterpanz.com/house/17976031,단기임대,900000,900000,100000.0,-,즉시입주,-,단독주택,다가구,32.06,2층/3층,1개/1개,오픈형,북향,가능,-,2001.01.31,벽걸이에어컨,"냉장고, 세탁기, 싱크대, 책상, 붙박이장, 침대, 신발장, 전자레인지, 가스레인지, 소파, TV","현관보안, CCTV, 비디오폰, 방범창","풀옵션, 주차가능",서울특별시 강남구 논현동 171-8,37.509,127.029,2025-08-28 08:49:27
251,https://www.peterpanz.com/house/17976694,단기임대,1150000,1150000,100000.0,융자금 없음,즉시입주,-,단독주택,다가구,46.27,3층/3층,2개/1개,분리형,남향,불가,-,1991.07.30,벽걸이에어컨,"냉장고, 세탁기, 싱크대, 책상, 붙박이장, 침대, 신발장, 전자레인지, 인덕션레인지, 샤워부스, 식탁, TV","현관보안, CCTV, 비디오폰, 카드키, 방범창",풀옵션,서울특별시 서초구 반포동 731-24,37.5054,127.02,2025-08-28 08:49:27
252,https://www.peterpanz.com/house/17978092,단기임대,1500000,1200000,100000.0,-,즉시입주,-,공동주택,빌라,32.74,4층/4층,1개/1개,분리형,동향,가능,-,2012.07.10,천장에어컨,"냉장고, 세탁기, 싱크대, 옷장, 붙박이장, 침대, 신발장, 전자레인지, 인덕션레인지, 가스오븐, 샤워부스, 소파, TV","현관보안, CCTV, 비디오폰, 카드키, 방범창","신축, 풀옵션, 큰길가, 엘리베이터, 주차가능",서울특별시 강남구 역삼동 685-22,37.5083,127.043,2025-08-28 08:49:27
253,https://www.peterpanz.com/house/17978154,월세,30000000,330000,50000.0,-,즉시입주 (협의가능),-,공동주택,원룸,20.0,4층/8층,1개/1개,오픈형,남향,가능,위반건축물 아님,2008.10,벽걸이에어컨,"책상, 세탁기, 인덕션레인지, 옷장, 싱크대, TV, 냉장고, 신발장, 붙박이장","CCTV, 현관보안, 인터폰, 비디오폰","풀옵션, 엘리베이터, 전세자금대출, 주차가능",서울특별시 강북구 수유동 168-43 신성아너스빌,37.6427,127.03,2025-08-28 08:49:28
254,https://www.peterpanz.com/house/17978798,월세,30000000,250000,50000.0,융자금 없음,즉시입주 (협의가능),가능,단독주택,단독,19.84,반지층/3층,1개/1개,분리형,남향,불가,위반건축물 아님,1993.01.06,벽걸이에어컨,"냉장고, 세탁기, 싱크대, 붙박이장, 신발장, 가스레인지",방범창,"풀옵션, 전세자금대출",서울특별시 광진구 화양동,37.5441,127.07,2025-08-28 08:49:28
255,https://www.peterpanz.com/house/17979173,월세,120000000,400000,30000.0,-,즉시입주 (협의가능),-,제2종 근린생활시설,상가주택,46.28,4층/4층,2개/1개,분리형,북향,가능,-,1991.04.26,-,싱크대,-,"반려동물, 전세자금대출, 주차가능",서울특별시 송파구 가락동 111-22,37.4928,127.122,2025-08-28 08:49:28
256,https://www.peterpanz.com/house/17979183,월세,50000000,1130000,100000.0,-,즉시입주,가능,공동주택,빌라,27.83,5층/5층,1개/1개,분리형,남향,가능,-,2021.07.05,천장에어컨,"냉장고, 세탁기, 싱크대, 신발장, 인덕션레인지, 샤워부스","현관보안, CCTV, 카드키","신축, 풀옵션, 큰길가, 엘리베이터, 주차가능",서울특별시 송파구 송파동 11-13 제이블레스,37.5078,127.106,2025-08-28 08:49:28
257,https://www.peterpanz.com/house/17980362,단기임대,1800000,1800000,150000.0,-,즉시입주 (협의가능),-,공동주택,빌라,29.83,3층/5층,2개/1개,분리형,동향,가능,-,2016.05.20,벽걸이에어컨,"냉장고, 세탁기, 싱크대, 옷장, 침대, 신발장, 전자레인지, 가스레인지, 소파, TV","현관보안, CCTV, 인터폰, 비디오폰","풀옵션, 엘리베이터, 반려동물, 주차가능",서울특별시 강남구 역삼동 690-40,37.5067,127.042,2025-08-28 08:49:28
258,https://www.peterpanz.com/house/17980636,월세,150000000,1000000,50000.0,-,즉시입주 (협의가능),가능,공동주택,빌라,29.22,5층/5층,2개/1개,분리형,동향,불가,위반건축물 아님,2015.04.06,벽걸이에어컨,"세탁기, 싱크대, 붙박이장, 신발장, 가스레인지","현관보안, CCTV, 비디오폰","큰길가, 전세자금대출",서울특별시 송파구 잠실동 211-15,37.5081,127.085,2025-08-28 08:49:28
259,https://www.peterpanz.com/house/17982223,전세,260000000,0,60000.0,-,즉시입주 (협의가능),가능,공동주택,빌라,30.89,3층/6층,2개/1개,분리형,남향,가능,위반건축물 아님,2022.07.05,천장에어컨,"냉장고, 세탁기, 싱크대, 인덕션레인지",현관보안,"신축, 풀옵션, 큰길가, 엘리베이터, 반려동물, 전세자금대출, 주차가능",서울특별시 동대문구 장안동 298-3 The트라움 B동,37.5763,127.071,2025-08-28 08:49:28
260,https://www.peterpanz.com/house/17982265,단기임대,850000,700000,100000.0,융자금 없음,즉시입주,-,단독주택,빌라,26.44,중층/3층,1개/1개,오픈형,남향,가능,-,1996.05.10,벽걸이에어컨,"냉장고, 세탁기, 싱크대, 책상, 옷장, 붙박이장, 침대, 신발장, 전자레인지, 식탁, 소파, TV","현관보안, CCTV, 인터폰, 비디오폰, 카드키","풀옵션, 큰길가, 반려동물, 주차가능",서울특별시 강남구 역삼동 698-12,37.5068,127.044,2025-08-28 08:49:28
261,https://www.peterpanz.com/house/17982300,단기임대,1000000,700000,100000.0,융자금 없음,즉시입주,-,단독주택,빌라,26.44,저층/3층,1개/1개,오픈형,남향,가능,-,2000.12.04,벽걸이에어컨,"냉장고, 세탁기, 싱크대, 책상, 옷장, 붙박이장, 침대, 신발장, 전자레인지, 가스레인지, 식탁, 소파, TV","현관보안, CCTV, 인터폰, 비디오폰","신축, 풀옵션, 큰길가, 반려동물, 주차가능",서울특별시 강남구 논현동 157-7,37.5091,127.028,2025-08-28 08:49:28
262,https://www.peterpanz.com/house/17982519,월세,10000000,530000,100000.0,융자금 없음,2025. 09. 01. 이후 (협의가능),가능,공동주택,빌라,13.06,6층/9층,1개/1개,오픈형,남향,불가,위반건축물 아님,2012.01.27,벽걸이에어컨,"냉장고, 세탁기, 싱크대, 붙박이장, 인덕션레인지","현관보안, CCTV","풀옵션, 엘리베이터",서울특별시 중랑구 상봉동 113-28,37.5948,127.085,2025-08-28 08:49:28
263,https://www.peterpanz.com/house/17983022,월세,10000000,850000,180000.0,시세 대비 30% 미만,2025. 10. 18. 이후 (협의가능),불가능,업무시설,,30.03,3층/14층,1개/1개,오픈형,남향,가능,,2003.04.23,벽걸이에어컨,"냉장고, 세탁기, 싱크대, 붙박이장, 침대, 신발장, 가스레인지, 샤워부스, 비데, 소파","현관보안, CCTV, 비디오폰","풀옵션, 큰길가, 엘리베이터, 주차가능",서울특별시 강남구 논현동 205-8 운현오피스텔,37.5065,127.03,2025-08-28 08:49:28
264,https://www.peterpanz.com/house/17983273,단기임대,2000000,1600000,100000.0,-,즉시입주,-,공동주택,빌라,29.85,3층/6층,2개/1개,분리형,남향,가능,-,2017.08.10,천장에어컨,"냉장고, 세탁기, 싱크대, 책상, 침대, 신발장, 전자레인지, 인덕션레인지, 샤워부스, 소파, TV","현관보안, CCTV, 비디오폰, 방범창","신축, 풀옵션, 큰길가, 엘리베이터, 주차가능",서울특별시 강남구 역삼동 698-26 더 원 스타빌,37.5058,127.044,2025-08-28 08:49:28
265,https://www.peterpanz.com/house/17984428,월세,100000000,350000,10000.0,융자금 없음,즉시입주 (협의가능),-,공동주택,원룸,19.7,4층/5층,1개/1개,분리형,남향,불가,-,2011.12.30,벽걸이에어컨,"냉장고, 세탁기, 싱크대, 신발장, 인덕션레인지",-,"풀옵션, 전세자금대출",서울특별시 송파구 삼전동 67-21,37.4998,127.092,2025-08-28 08:49:28
266,https://www.peterpanz.com/house/17984535,월세,30000000,1050000,100000.0,-,2025. 08. 30. 이후 (협의가능),가능,공동주택,빌라,22.2,5층/5층,1개/1개,분리형,북향,불가,위반건축물 아님,2023.05.15,벽걸이에어컨,"냉장고, 세탁기, 싱크대, 붙박이장, 신발장, 전자레인지, 인덕션레인지, 식탁","현관보안, CCTV, 비디오폰","풀옵션, 엘리베이터",서울특별시 송파구 삼전동 43-4 아름빌,37.5016,127.09,2025-08-28 08:49:28
267,https://www.peterpanz.com/house/17985161,전세,330000000,0,80000.0,-,즉시입주,-,공동주택,,34.15,10층/15층,2개/1개,분리형,남향,가능,,2023.08.23,천장에어컨,"싱크대, 신발장, 인덕션레인지, 식탁","현관보안, CCTV, 인터폰, 비디오폰","신축, 큰길가, 엘리베이터, 반려동물, 주차가능",서울특별시 강동구 길동 388-2 에스아이팰리스 강동센텀1,37.5376,127.139,2025-08-28 08:49:28
268,https://www.peterpanz.com/house/17985642,전세,344000000,0,90000.0,-,2025. 11. 30. 이후,가능,공동주택,빌라,46.41,15층/16층,2개/1개,분리형,남향,가능,위반건축물 아님,2024.01.12,천장에어컨,"냉장고, 세탁기, 싱크대, 신발장, 인덕션레인지","현관보안, CCTV, 비디오폰","신축, 풀옵션, 큰길가, 엘리베이터, 전세자금대출, 주차가능",서울특별시 동대문구 장안동 367-5,37.5715,127.072,2025-08-28 08:49:28
269,https://www.peterpanz.com/house/17986156,전세,250000000,0,,-,즉시입주,-,공동주택,빌라,24.75,2층/5층,2개/1개,분리형,남향,가능,-,2025.07.09,천장에어컨,"냉장고, 세탁기, 싱크대, 신발장, 인덕션레인지","현관보안, CCTV, 인터폰, 비디오폰, 카드키, 방범창","신축, 풀옵션, 큰길가, 엘리베이터, 전세자금대출, 주차가능",서울특별시 동작구 노량진동 206-10,37.5121,126.947,2025-08-28 08:49:28
270,https://www.peterpanz.com/house/17987249,단기임대,700000,700000,70000.0,-,즉시입주,-,공동주택,빌라,14.13,4층/5층,1개/1개,오픈형,동향,불가,-,2012.05.31,벽걸이에어컨,"냉장고, 세탁기, 싱크대, 책상, 붙박이장, 침대, 신발장, 전자레인지, 인덕션레인지, TV","현관보안, CCTV, 비디오폰, 방범창","풀옵션, 큰길가, 엘리베이터",서울특별시 강남구 역삼동 684-7 역삼동684-7도시형생활주택,37.5087,127.042,2025-08-28 08:49:28
271,https://www.peterpanz.com/house/17987627,전세,250000000,0,,-,즉시입주,-,공동주택,빌라 (미등기),24.75,2층/5층,2개/1개,분리형,서향,가능,-,2025.07.09,천장에어컨,"냉장고, 세탁기, 싱크대, 신발장, 인덕션레인지","현관보안, CCTV, 인터폰, 비디오폰","신축, 풀옵션, 엘리베이터, 전세자금대출, 주차가능",서울특별시 동작구 노량진동 206-13,37.512,126.947,2025-08-28 08:49:28
272,https://www.peterpanz.com/house/17987649,단기임대,1000000,700000,80000.0,융자금 없음,즉시입주,-,단독주택,다가구,26.44,반지층/3층,1개/1개,분리형,남향,불가,-,1995.09.06,벽걸이에어컨,"냉장고, 세탁기, 싱크대, 책상, 붙박이장, 침대, 신발장, 전자레인지, 인덕션레인지, 식탁, TV","현관보안, CCTV, 비디오폰, 방범창","신축, 풀옵션",서울특별시 강남구 역삼동 698-8,37.5062,127.044,2025-08-28 08:49:28
273,https://www.peterpanz.com/house/17988376,월세,50000000,1300000,100000.0,-,즉시입주,가능,공동주택,,29.27,12층/20층,1개/1개,"분리형, 복층",서향,가능,,2023.08.23,천장에어컨,"세탁기, 냉장고, 인덕션레인지, 신발장, 식탁, 붙박이장, 샤워부스, 옷장, 건조기, 싱크대","CCTV, 자체경비원, 인터폰, 현관보안","신축, 풀옵션, 큰길가, 엘리베이터, 주차가능",서울특별시 동대문구 장안동 465-15 파히나 더 그로브,37.5614,127.068,2025-08-28 08:49:28
274,https://www.peterpanz.com/house/17988437,월세,2000000,550000,0.0,융자금 없음,2025. 09. 초순 (협의가능),가능,단독주택,다가구,33.06,1층/2층,1개/1개,분리형,남향,불가,위반건축물 아님,1998,벽걸이에어컨,"인덕션레인지, 세탁기, 옷장, 침대, 냉장고, 전자레인지, 책상, TV, 싱크대",-,"풀옵션, 큰길가",서울특별시 도봉구 창동,37.6454,127.036,2025-08-28 08:49:28
275,https://www.peterpanz.com/house/17989505,단기임대,100000,380000,0.0,-,즉시입주,가능,제2종 근린생활시설,원룸,8.27,4층/5층,1개/1개,분리형,남향,불가,위반건축물 아님,1998,스탠드에어컨,"냉장고, 책상, 침대, 세탁기, 싱크대, 인덕션레인지, 건조기, 전자레인지, 신발장, 샤워부스",CCTV,엘리베이터,경기도 구리시 인창동 313-52,37.6046,127.139,2025-08-28 08:49:28
276,https://www.peterpanz.com/house/17989525,전세,170000000,0,120000.0,-,즉시입주 (협의가능),-,단독주택,단독,33.06,고층/4층,2개/1개,분리형,남향,불가,-,2018.03.22,벽걸이에어컨,"냉장고, 세탁기, 싱크대, 옷장, 인덕션레인지","현관보안, CCTV, 비디오폰, 방범창","풀옵션, 전세자금대출",서울특별시 동작구 상도동 208-42 BIGTREE,37.4993,126.943,2025-08-28 08:49:28
277,https://www.peterpanz.com/house/17989597,단기임대,1000000,950000,100000.0,-,즉시입주,-,단독주택,다가구,29.75,2층/4층,1개/1개,오픈형,남향,가능,-,2002.08.29,벽걸이에어컨,"냉장고, 세탁기, 싱크대, 붙박이장, 침대, 신발장, 전자레인지, 인덕션레인지, 샤워부스, 식탁, 소파, TV","현관보안, CCTV, 비디오폰, 방범창","신축, 풀옵션, 엘리베이터, 주차가능",서울특별시 강남구 역삼동 691-18,37.5066,127.043,2025-08-28 08:49:28
278,https://www.peterpanz.com/house/17989611,단기임대,1200000,1200000,100000.0,-,즉시입주,-,단독주택,다가구,46.28,2층/3층,2개/1개,분리형,동향,불가,-,1997.05.21,벽걸이에어컨,"냉장고, 세탁기, 싱크대, 책상, 침대, 신발장, 전자레인지, 가스레인지, 식탁, TV","CCTV, 인터폰, 방범창",풀옵션,서울특별시 강남구 논현동 135-10,37.5121,127.028,2025-08-28 08:49:28
279,https://www.peterpanz.com/house/17990020,월세,20000000,600000,80000.0,-,즉시입주,가능,단독주택,다가구,33.06,3층/5층,1개/1개,분리형,남향,가능,위반건축물 아님,2019,,,,"신축, 풀옵션, 엘리베이터, 반려동물, 전세자금대출, 주차가능",서울특별시 중랑구 망우동 417-18,37.5924,127.101,2025-08-28 08:49:28
280,https://www.peterpanz.com/house/17990436,월세,20000000,700000,100000.0,-,즉시입주,-,단독주택,빌라,26.5,2층/3층,1개/1개,오픈형,북향,가능,-,2000.11.17,벽걸이에어컨,"세탁기, 싱크대, 가스레인지",-,"풀옵션, 주차가능",서울특별시 강남구 역삼동 704-16,37.505,127.045,2025-08-28 08:49:28
281,https://www.peterpanz.com/house/17990864,월세,50000000,850000,50000.0,시세 대비 30% 미만,즉시입주 (협의가능),가능,제1종 근린생활시설,원룸,24.96,1층/5층,1개/1개,오픈형,남향,가능,-,2023.03.02,천장에어컨,"냉장고, 세탁기, 싱크대, 신발장, 인덕션레인지","현관보안, 인터폰, 비디오폰, 방범창","풀옵션, 엘리베이터, 주차가능",서울특별시 송파구 석촌동 214-14 퍼스트초이스 석촌,37.5011,127.098,2025-08-28 08:49:28
282,https://www.peterpanz.com/house/17992056,월세,450000000,600000,,융자금 없음,즉시입주,-,공동주택,,29.97,32층/34층,1개/1개,,남향,가능,,2025.01.01,,,,주차가능,서울특별시 강동구 둔촌동 174-1,37.5239,127.139,2025-08-28 08:49:28
283,https://www.peterpanz.com/house/17992162,전세,900000000,0,,융자금 없음,즉시입주 (협의가능),-,공동주택,,39.98,20층/23층,2개/1개,,남향,가능,,2025.01.01,,,,주차가능,서울특별시 강동구 둔촌동 174-1,37.5239,127.139,2025-08-28 08:49:28
284,https://www.peterpanz.com/house/17992454,월세,50000000,800000,20000.0,-,즉시입주,가능,단독주택,다가구,49.5,2층/3층,2개/1개,분리형,남향,불가,위반건축물 아님,2005.05.23,-,싱크대,-,,서울특별시 광진구 중곡동 645-6,37.5597,127.08,2025-08-28 08:49:28
285,https://www.peterpanz.com/house/17993100,월세,297000000,300000,80000.0,-,즉시입주 (협의가능),가능,공동주택,빌라,45.9,2층/8층,2개/1개,분리형,남향,가능,위반건축물 아님,2025.07.08,천장에어컨,"냉장고, 싱크대, 신발장, 인덕션레인지","현관보안, CCTV, 비디오폰","신축, 큰길가, 엘리베이터, 반려동물, 전세자금대출, 주차가능",서울특별시 강동구 천호동 315-33,37.5467,127.127,2025-08-28 08:49:28
286,https://www.peterpanz.com/house/17993639,월세,50000000,1000000,100000.0,-,즉시입주 (협의가능),가능,제2종 근린생활시설,상가주택,33.06,1층/5층,2개/1개,분리형,남향,가능,-,2021.04.09,천장에어컨,"냉장고, 세탁기, 싱크대, 옷장, 붙박이장, 신발장, 인덕션레인지","현관보안, CCTV, 비디오폰","신축, 풀옵션, 큰길가, 엘리베이터, 주차가능",서울특별시 동작구 상도동 202-38 우분트빌,37.4998,126.942,2025-08-28 08:49:28
287,https://www.peterpanz.com/house/17993800,전세,344000000,0,70000.0,융자금 없음,즉시입주 (협의가능),가능,공동주택,,46.41,15층/16층,2개/1개,분리형,북향,가능,,2024.01.12,천장에어컨,"냉장고, 세탁기, 싱크대, 신발장, 인덕션레인지, 샤워부스","현관보안, CCTV, 인터폰, 방범창, 사설경비","신축, 풀옵션, 큰길가, 엘리베이터, 반려동물, 전세자금대출, 주차가능",서울특별시 동대문구 장안동 367-5,37.5715,127.072,2025-08-28 08:49:28
288,https://www.peterpanz.com/house/17993953,월세,2000000,480000,70000.0,-,즉시입주,가능,단독주택,원룸,19.84,3층/3층,1개/1개,오픈형,남향,불가,위반건축물 아님,2017.04.13,벽걸이에어컨,"냉장고, 세탁기, 싱크대, 붙박이장, 신발장, 인덕션레인지","현관보안, CCTV","신축, 풀옵션, 큰길가",서울특별시 강북구 번동 414-28 가나하우스,37.636,127.029,2025-08-28 08:49:28
289,https://www.peterpanz.com/house/17994057,월세,10000000,970000,110000.0,-,2025. 09. 30. 이후 (협의가능),가능,업무시설,,23.87,중층/15층,1개/1개,오픈형,남향,가능,,2013.12.31,벽걸이에어컨,"냉장고, 세탁기, 싱크대, 옷장, 신발장","현관보안, 비디오폰, 사설경비","풀옵션, 큰길가, 엘리베이터, 주차가능",서울시 강남구 역삼동 837-13 강남역와이즈플레이스,37.4917,127.032,2025-08-28 08:49:28
290,https://www.peterpanz.com/house/17994263,월세,5000000,500000,,-,즉시입주,가능,단독주택,다가구,39.33,반지층/2층,2개/1개,분리형,남향,불가,위반건축물 아님,1989.09.12,-,싱크대,-,,서울특별시 용산구 보광동 207-1,37.5256,126.999,2025-08-28 08:49:28
291,https://www.peterpanz.com/house/17994398,전세,180000000,0,100000.0,-,즉시입주 (협의가능),가능,공동주택,빌라,13.57,중층/6층,1개/1개,분리형,북향,가능,-,2019.08.06,천장에어컨,"냉장고, 세탁기, 인덕션레인지","현관보안, CCTV, 인터폰, 비디오폰","신축, 풀옵션, 큰길가, 엘리베이터, 반려동물, 전세자금대출, 주차가능",서울특별시 강남구 논현동 176-9 꿈꾸지오,37.5095,127.031,2025-08-28 08:49:28
292,https://www.peterpanz.com/house/17994461,월세,10000000,830000,50000.0,-,2025. 09. 28. 이후 (협의가능),가능,공동주택,원룸,28.82,3층/5층,1개/1개,분리형,동향,가능,-,2002.12.24,벽걸이에어컨,"냉장고, 세탁기, 싱크대, 신발장, 가스레인지",CCTV,"풀옵션, 주차가능",서울특별시 송파구 잠실동 250-18,37.505,127.087,2025-08-28 08:49:28
293,https://www.peterpanz.com/house/17994480,월세,50000000,600000,70000.0,융자금 없음,즉시입주 (협의가능),-,업무시설,원룸,23.14,2층/5층,1개/1개,오픈형,북향,가능,-,2005.04.11,벽걸이에어컨,"냉장고, 세탁기, 가스레인지",현관보안,"풀옵션, 큰길가, 주차가능",서울특별시 중구 신당동 353-19 신당동오피스텔,37.5518,127.008,2025-08-28 08:49:28
294,https://www.peterpanz.com/house/17994702,단기임대,1800000,1700000,100000.0,-,즉시입주 (협의가능),-,공동주택,,38.36,8층/15층,1개/1개,오픈형,남향,가능,,2006.12.01,벽걸이에어컨,"냉장고, 세탁기, 싱크대, 침대, 전자레인지, 가스레인지, 샤워부스, 식탁, 소파, TV",-,"풀옵션, 엘리베이터, 주차가능",서울특별시 서초구 서초동 1337-14 이즈타워,37.4921,127.029,2025-08-28 08:49:28
295,https://www.peterpanz.com/house/17994717,단기임대,1500000,1360000,100000.0,-,즉시입주 (협의가능),-,단독주택,다가구,42.98,고층/3층,2개/1개,분리형,서향,가능,위반건축물 아님,1992.02.24,벽걸이에어컨,"냉장고, 세탁기, 싱크대, 침대, 전자레인지, 가스레인지, 샤워부스, 소파, TV",-,"풀옵션, 주차가능",서울특별시 강남구 역삼동 774-16,37.4966,127.043,2025-08-28 08:49:28
296,https://www.peterpanz.com/house/17994722,단기임대,3600000,3300000,150000.0,-,즉시입주 (협의가능),-,공동주택,,42.56,6층/9층,1개/2개,분리형,남향,가능,,2018.10.12,천장에어컨,"냉장고, 세탁기, 싱크대, 침대, 전자레인지, 인덕션레인지, 샤워부스, 식탁, 소파, TV",-,"풀옵션, 엘리베이터, 주차가능",서울특별시 강남구 청담동 76-12 라테라스 청담,37.5197,127.051,2025-08-28 08:49:28
297,https://www.peterpanz.com/house/17994967,전세,100000000,0,40000.0,융자금 없음,즉시입주 (협의가능),가능,단독주택,빌라,20.0,2층/3층,1개/1개,오픈형,북향,불가,위반건축물 아님,1998.02.28,벽걸이에어컨,"냉장고, 세탁기, 싱크대, 신발장, 가스레인지",-,"풀옵션, 전세자금대출",서울특별시 용산구 청파동3가 132-207,37.5425,126.963,2025-08-28 08:49:28
298,https://www.peterpanz.com/house/17995835,월세,30000000,600000,50000.0,시세 대비 30% 미만,즉시입주,-,공동주택,빌라,24.31,3층/5층,1개/1개,오픈형,남향,불가,-,2015.01.29,벽걸이에어컨,"냉장고, 세탁기, 싱크대, 인덕션레인지",-,"신축, 풀옵션, 큰길가, 엘리베이터",서울특별시 동작구 상도1동 724-2 성진리치빌,37.5025,126.947,2025-08-28 08:49:28
299,https://www.peterpanz.com/house/17995903,월세,37000000,1040000,90000.0,시세 대비 30% 미만,즉시입주,-,제1종 근린생활시설,원룸,26.45,6층/10층,1개/1개,오픈형,남향,불가,-,2018.09.07,천장에어컨,"냉장고, 세탁기, 싱크대, 붙박이장, 인덕션레인지","현관보안, CCTV, 인터폰","신축, 풀옵션, 큰길가, 엘리베이터",서울특별시 서초구 방배동 750-8 스튜디오빌,37.4982,126.986,2025-08-28 08:49:28
300,https://www.peterpanz.com/house/17995933,전세,315000000,0,50000.0,-,즉시입주 (협의가능),-,공동주택,빌라,29.94,2층/4층,2개/1개,오픈형,남향,가능,-,2018.12.07,벽걸이에어컨,"싱크대, 신발장, 가스레인지",비디오폰,"큰길가, 반려동물, 전세자금대출, 주차가능",서울특별시 서초구 방배동 789-24 르시엘9차,37.4919,126.986,2025-08-28 08:49:28
301,https://www.peterpanz.com/house/17996042,단기임대,2000000,1650000,100000.0,-,즉시입주,-,업무시설,,29.59,9층/17층,2개/1개,분리형,남향,가능,,2019.12.06,천장에어컨,"냉장고, 세탁기, 싱크대, 책상, 붙박이장, 침대, 신발장, 전자레인지, 인덕션레인지, 샤워부스, 소파, TV","현관보안, CCTV","신축, 풀옵션, 큰길가, 엘리베이터, 주차가능",서울특별시 송파구 방이동 43-2 잠실 트리움,37.5159,127.112,2025-08-28 08:49:28
302,https://www.peterpanz.com/house/17996139,단기임대,950000,950000,100000.0,-,즉시입주,-,공동주택,빌라,26.45,3층/5층,1개/1개,분리형,남향,가능,-,2017.02.28,천장에어컨,"냉장고, 세탁기, 싱크대, 책상, 옷장, 붙박이장, 침대, 신발장, 전자레인지, 인덕션레인지, 식탁, 소파, TV","현관보안, CCTV, 인터폰, 비디오폰, 카드키, 방범창","풀옵션, 큰길가, 엘리베이터, 반려동물, 주차가능",서울특별시 강남구 역삼동 685-1,37.5079,127.042,2025-08-28 08:49:28
303,https://www.peterpanz.com/house/17997081,전세,240000000,0,100000.0,-,즉시입주 (협의가능),가능,업무시설,,28.27,10층/14층,1개/1개,분리형,남향,가능,,2023.01.05,,,,"신축, 풀옵션, 큰길가, 엘리베이터, 주차가능",서울특별시 동대문구 장안동 384-8,37.5709,127.07,2025-08-28 08:49:28
